customerid,name,country,state,gender,dob,interests,pincode
0002-ORFBO,keshav,India,Maharashtra,Male,12-04-1982,travel,
0003-MKNFE,raghav,India,Karnataka,Male,23-11-1995,,
0004-TLHLJ,lalita,India,Delhi,Female,15-02-1978,movie,
0011-IGKFF,mohan,India,Nagaland,Male,30-08-2001,,
0013-EXCHZ,mira,India,Delhi,Female,05-05-1990,drama,
0013-MHZWF,durga,,Delhi,Women,10-12-1988,,
0013-SMEOE,mina,India,Meghalaya,Female,21-09-1976,,
0014-BMAQU,madan,India,Rajasthan,Male,14-03-1999,,
0015-UOCOJ,maya,,Kathmandu,Women,07-07-1985,,
0016-QLJIS,arjun,Nepal,Kathmandu,Male,29-10-1993,,
0017-DINOC,shiva,India,Maharashtra,Men,22-01-1997,,
0017-IUDMW,rangadevi,India,Karnataka,Female,18-06-1981,,
0018-NYROU,chitra,,Telangana,Female,01-12-2004,,
0019-EFAEP,raju,India,Meghalaya,Female,25-04-1992,,
0019-GFNTW,Madhav,India,Uttar Pradesh,Men,11-11-1979,,
0020-INWCK,parvati,India,Delhi,Female,28-02-1986,job,
0020-JDNXP,rikim,India,Meghalaya,Female,19-08-1994,,
0021-IKXGC,vishakha,India,Rajasthan,Female,02-09-2000,,
0022-TCJCI,raghvendra,India,Telangana,Male,30-12-1983,,
0023-HGHWL,rishabh,India,Uttar Pradesh,Men,14-05-1991,,
0023-UYUPN,sudevi,India,Maharashtra,Women,06-10-1977,,
1001-RAGFT,Harsh,India,Meghalaya,Male,07-02-1971,job,
1002-JJGBM,Omkar,India,Maharashtra,Male,20-11-1988,music,
1003-WDJSS,Pranav,India,Uttar Pradesh,Male,08-12-2004,drama,594715
1004-HRKXM,Neha,India,Karnataka,Female,24-05-2004,,559246
1005-QMGPY,Varun,India,West Bengal,Male,10-02-1991,technology,275841
1006-RQDUN,Pranav,India,Delhi,Male,12-02-1971,sports,
1007-MPGWL,Varun,India,West Bengal,Male,10-12-1982,technology,501560
1008-MNTXP,Manish,India,Tamil Nadu,Male,04-02-1982,technology,481508
1009-GFYLW,Rohan,India,Uttar Pradesh,Male,03-01-2004,job,284390
1010-GSTUR,Neha,India,Karnataka,Female,19-01-1983,,
1011-PABRP,Mira,India,Karnataka,Female,09-04-1990,technology,
1012-NDJBF,Pooja,India,Rajasthan,Female,10-12-2004,,
1013-MXWCL,Priya,India,Maharashtra,Female,09-11-1978,drama,573299
1014-DDHXV,Yash,India,Karnataka,Male,04-11-1985,music,
1015-VWVGU,Omkar,India,Kerala,Male,07-04-2000,shopping,
1016-ZNYCZ,Harsh,India,Bihar,Male,04-01-1986,,
1017-AYNTT,Yash,India,Rajasthan,Male,11-10-1991,movie,
1018-XQHPA,Ananya,India,Rajasthan,Female,15-08-1990,shopping,334083
1019-SFEAF,Kritika,India,Kerala,Female,14-08-1974,,313881
1020-FVSMP,Saurabh,India,Maharashtra,Male,17-11-1999,,442712
1021-RUNRG,Raghav,India,Karnataka,Male,18-06-1991,movie,
1022-VKUYA,Sakshi,India,Maharashtra,Female,25-05-1992,technology,
1023-XQRCL,Pooja,India,Maharashtra,Female,07-06-1994,shopping,
1024-CYMGJ,Rahul,India,Bihar,Male,01-10-1976,sports,503538
1025-VVPAN,Sneha,India,Telangana,Female,28-01-1991,technology,
1026-UMVQH,Aditya,India,Delhi,Male,25-04-1998,shopping,
1027-AYCTM,Manish,India,Uttar Pradesh,Male,26-08-2001,travel,
1028-PJLHF,Nikhil,India,Maharashtra,Male,06-12-2004,job,336896
1029-PSDWM,Harsh,India,Delhi,Male,11-08-2000,drama,
1030-YCFPK,Aniket,India,Nagaland,Male,28-05-1998,,
1031-SMAGG,Sneha,India,Gujarat,Female,19-11-1986,job,
1032-GCSSY,Tanvi,India,Maharashtra,Female,24-07-1972,music,
1033-AUMRX,Harsh,India,Rajasthan,Male,16-02-2001,music,
1034-VAWMB,Kritika,India,West Bengal,Female,07-01-1998,sports,
1035-PCZXM,Kunal,India,Rajasthan,Male,23-09-1988,sports,545674
1036-GUKYN,Raghav,India,Gujarat,Male,15-03-2001,,
1037-KHMXK,Manish,India,Bihar,Male,19-09-1978,music,215240
1038-GQKBH,Meera,India,Uttar Pradesh,Female,02-09-2001,,
1039-AHBJL,Aniket,India,Meghalaya,Male,06-03-1981,movie,
1040-GPBYZ,Diya,India,Gujarat,Female,07-05-1999,technology,
1041-UZXTV,Isha,India,Uttar Pradesh,Female,21-04-1992,job,
1042-HTEDN,Pallavi,India,Rajasthan,Female,09-03-1987,shopping,
1043-VJUAN,Nandini,India,Gujarat,Female,13-10-1986,music,
1044-KDYHM,Arjun,India,Kerala,Male,15-07-1978,music,676433
1045-AJLYW,Yash,India,Telangana,Male,13-01-1992,sports,
1046-EVPQV,Nikhil,India,West Bengal,Male,28-05-1970,drama,
1047-TMUNC,Pranav,India,Maharashtra,Male,15-05-2003,travel,173781
1048-DQQTK,Tanvi,India,Telangana,Female,26-02-1997,movie,335469
1049-DYBVC,Yash,India,Tamil Nadu,Male,18-10-1973,,
1050-JPFRF,Yash,India,Kerala,Male,25-02-1993,sports,347145
1051-EDRBT,Aditya,India,West Bengal,Male,14-07-1983,shopping,
1052-BBLLQ,Mira,India,Karnataka,Female,12-02-2002,technology,
1053-HATEK,Aniket,India,Telangana,Male,13-02-1992,travel,
1054-ZEYMS,Sneha,India,Rajasthan,Female,14-04-1976,,
1055-XJTVV,Vivek,India,Maharashtra,Male,20-03-1982,drama,
1056-QWRDB,Riya,India,Tamil Nadu,Female,17-06-1973,movie,435487
1057-KPYTA,Nikhil,India,Uttar Pradesh,Male,02-03-2002,shopping,
1058-JYKUS,Nikhil,India,Maharashtra,Male,22-09-1976,technology,
1059-KQYHK,Neha,India,Gujarat,Female,21-02-2003,technology,
1060-BWCUW,Nikhil,India,Kerala,Male,13-10-1978,drama,
1061-QUUFF,Ananya,India,Nagaland,Female,25-08-1998,sports,510423
1062-TNCCD,Pallavi,India,Maharashtra,Female,08-02-1997,shopping,
1063-WRUDG,Neha,India,West Bengal,Female,20-08-2000,travel,
1064-CFRQB,Kritika,India,Telangana,Female,08-10-2002,drama,415421
1065-UNAWB,Nandini,India,Karnataka,Female,26-06-1971,movie,
1066-VSZME,Aditya,India,Gujarat,Male,10-01-1999,job,
1067-JUWHC,Diya,India,Kerala,Female,11-07-1998,drama,630307
1068-HBRHQ,Pooja,India,Gujarat,Female,02-08-1992,music,
1069-ADLJL,Harsh,India,Maharashtra,Male,11-07-1993,sports,
1070-SZEDB,Saurabh,India,Bihar,Male,12-11-1990,movie,
1071-VFMJP,Mansi,India,Maharashtra,Female,10-02-1975,technology,611917
1072-NHDYF,Sneha,India,Karnataka,Female,21-03-1987,sports,
1073-YAWBY,Ananya,India,West Bengal,Female,21-10-1996,travel,
1074-KMJDW,Nandini,India,Bihar,Female,17-06-1978,,
1075-XVYTE,Manish,India,Bihar,Male,10-08-1999,shopping,
1076-MNWLX,Shreya,India,Nagaland,Female,19-01-1995,,
1077-DCJZP,Neha,India,Karnataka,Female,17-07-2002,travel,
1078-HKQWQ,Avni,India,Delhi,Female,11-06-1971,movie,
1079-TQERQ,Neha,India,Tamil Nadu,Female,19-01-1985,movie,
1080-TBDEH,Pallavi,India,Nagaland,Female,18-08-1981,music,
1081-ZHGES,Sakshi,India,Delhi,Female,04-05-1987,,679577
1082-GMENY,Neha,India,Maharashtra,Female,02-04-1985,,
1083-XMEZH,Aditya,India,Uttar Pradesh,Male,24-09-1984,travel,293569
1084-APCZG,Neha,India,Kerala,Female,07-05-1999,movie,
1085-EWXVN,Omkar,India,Uttar Pradesh,Male,16-03-1981,music,
1086-JFSMD,Kavya,India,Uttar Pradesh,Female,20-06-1988,job,
1087-RFFUW,Aniket,India,Rajasthan,Male,19-02-1993,movie,
1088-XLBDK,Varun,India,Rajasthan,Male,01-12-1989,technology,
1089-ZMGED,Nandini,India,Bihar,Female,28-08-1994,technology,
1090-TFAAH,Mansi,India,Nagaland,Female,15-04-1984,music,
1091-SWFBL,Rohan,India,Maharashtra,Male,27-04-1988,,
1092-TESPB,Shreya,India,West Bengal,Female,14-12-1990,technology,
1093-BKKNK,Ananya,India,Delhi,Female,28-08-1975,music,
1094-EXPUK,Riya,India,Karnataka,Female,15-08-2002,movie,
1095-LDHKW,Mansi,India,Uttar Pradesh,Female,25-05-1991,shopping,624427
1096-BVBAD,Aditya,India,Gujarat,Male,17-04-1970,shopping,
1097-YNFQG,Mira,India,Tamil Nadu,Female,13-06-1975,shopping,
1098-PBAEM,Meera,India,Telangana,Female,02-09-1976,job,331687
1099-AEDVV,Raghav,India,Maharashtra,Male,27-10-1985,technology,
1100-FBQQQ,Aditi,India,Uttar Pradesh,Female,08-08-1998,music,503664
1101-JCYLU,Kunal,India,Maharashtra,Male,18-08-1997,,647334
1102-KCXXZ,Omkar,India,Maharashtra,Male,09-05-1987,shopping,
1103-WKWLL,Raghav,India,Delhi,Male,11-08-1982,drama,
1104-JYEZE,Saurabh,India,Goa,Male,26-08-1983,sports,182519
1105-ZMKNY,Mansi,India,Maharashtra,Female,26-12-1993,,
1106-UZLAG,Saurabh,India,Nagaland,Male,19-11-1999,,
1107-JUNJC,Meera,India,Maharashtra,Female,04-12-1972,travel,
1108-KERLA,Saurabh,India,Uttar Pradesh,Male,23-01-1994,job,
1109-WNRQQ,Yash,India,Nagaland,Male,06-10-1999,sports,
1110-KERSR,Varun,India,Maharashtra,Male,06-03-1988,music,
1111-KWMBA,Raghav,India,Maharashtra,Male,10-09-1984,drama,589537
1112-ULFLT,Raghav,India,Kerala,Male,09-08-1972,music,201209
1113-JGNHS,Avni,India,Karnataka,Female,27-11-2002,movie,252176
1114-MPGKL,Omkar,India,Telangana,Male,12-12-1987,shopping,
1115-BNFLF,Meera,India,Tamil Nadu,Female,19-09-1991,drama,
1116-LZXXH,Sneha,India,Uttar Pradesh,Female,12-02-1986,drama,164303
1117-DFSAS,Akash,India,Gujarat,Male,08-02-2000,technology,
1118-DNARL,Kunal,India,Madhya Pradesh,Male,03-04-1998,movie,
1119-QUSWR,Ananya,India,Telangana,Female,24-04-2002,technology,
1120-YDWPJ,Manish,India,Goa,Male,19-01-1974,movie,
1121-KRNDC,Aniket,India,Madhya Pradesh,Male,11-09-1979,technology,
1122-BRREA,Aarav,India,Maharashtra,Male,17-09-1992,sports,
1123-NGZRM,Priya,India,Rajasthan,Female,06-06-1980,sports,
1124-SBFNB,Sneha,India,Kerala,Female,11-05-1988,movie,
1125-UEXUF,Akash,India,Maharashtra,Male,21-06-2004,travel,
1126-ZDGBF,Nandini,India,Rajasthan,Female,04-10-1975,,250000
1127-HGBEU,Kunal,India,Maharashtra,Male,11-08-1998,technology,
1128-QFWDT,Shreya,India,Telangana,Female,27-05-1989,drama,142592
1129-UFEKS,Harsh,India,Uttar Pradesh,Male,03-01-1974,job,
1130-ASEFE,Tanvi,India,Kerala,Female,20-10-1972,,
1131-VZUJP,Nandini,India,Madhya Pradesh,Female,13-06-2002,sports,
1132-QFDFF,Arjun,India,Uttar Pradesh,Male,27-06-1994,drama,
1133-DYWVZ,Pooja,India,Rajasthan,Female,08-01-1975,,
1134-CHDDY,Meera,India,Maharashtra,Female,22-04-1992,,293870
1135-UPEHV,Harsh,India,Maharashtra,Male,11-03-2001,movie,
1136-GFBGC,Rohan,India,Nagaland,Male,14-03-1996,shopping,
1137-VAAGC,Pooja,India,Kerala,Female,03-12-1980,,
1138-YNRHC,Avni,India,Telangana,Female,02-03-2001,music,114001
1139-CUMXG,Pooja,India,Nagaland,Female,06-06-1994,shopping,
1140-JNZQP,Pallavi,India,Meghalaya,Female,28-11-2004,shopping,357089
1141-QCUEZ,Siddharth,India,Maharashtra,Male,22-02-1997,technology,
1142-NLKDQ,Vivek,India,Telangana,Male,28-05-1976,,470573
1143-AXHFT,Nandini,India,Maharashtra,Female,09-05-1989,shopping,
1144-FVTUW,Aniket,India,Tamil Nadu,Male,23-05-1974,,
1145-EJMKY,Arjun,India,Nagaland,Male,28-03-1998,shopping,
1146-SGKAU,Manish,India,Madhya Pradesh,Male,26-10-1981,travel,
1147-SVKCN,Mansi,India,Uttar Pradesh,Female,22-05-1988,movie,
1148-NFBWV,Meera,India,Gujarat,Female,16-11-1971,sports,382029
1149-NUXSN,Varun,India,Karnataka,Male,05-08-1976,sports,
1150-HWMWQ,Manish,India,Kerala,Male,28-02-2002,technology,
1151-LHTUM,Nikhil,India,Uttar Pradesh,Male,09-08-1970,job,
1152-ESRFS,Riya,India,Maharashtra,Female,19-09-1994,sports,
1153-ZMUDX,Aditi,India,Karnataka,Female,24-04-1978,travel,
1154-CNQSL,Aniket,India,Gujarat,Male,04-05-1977,movie,
1155-FACCP,Neha,India,Goa,Female,24-02-2002,movie,
1156-TCUBW,Nikhil,India,Nagaland,Male,09-10-1998,movie,
1157-XEDTZ,Vivek,India,Meghalaya,Male,22-10-2000,shopping,300066
1158-XLBRA,Nikhil,India,Telangana,Male,22-07-1976,job,
1159-DWWWB,Meera,India,Karnataka,Female,17-01-1987,job,507031
1160-TAKAP,Pranav,India,Bihar,Male,18-09-1989,job,
1161-TCUFJ,Mansi,India,Telangana,Female,06-01-1976,shopping,257272
1162-YWQUL,Manish,India,Maharashtra,Male,14-09-1973,,
1163-KZXUG,Riya,India,Rajasthan,Female,14-03-1978,,
1164-SYDTZ,Aniket,India,Telangana,Male,04-12-1990,music,613705
1165-SDBUE,Yash,India,Tamil Nadu,Male,28-10-1976,,345204
1166-SZBTE,Isha,India,Madhya Pradesh,Female,18-10-1993,,
1167-AMYAY,Pranav,India,Tamil Nadu,Male,26-08-1989,,
1168-CFFHJ,Pranav,India,Telangana,Male,22-02-1970,music,
1169-GTANU,Sakshi,India,Maharashtra,Female,17-06-1982,movie,
1170-XTLVB,Aarav,India,Rajasthan,Male,03-01-1991,movie,
1171-ASNRQ,Aditya,India,Nagaland,Male,10-02-2002,sports,
1172-HXZWR,Varun,India,Kerala,Male,02-02-1979,travel,
1173-EQGCS,Varun,India,Rajasthan,Male,22-05-1974,movie,
1174-XHLQH,Harsh,India,Telangana,Male,06-07-1990,travel,
1175-LUMCR,Madhav,India,Kerala,Male,07-09-1978,sports,
1176-PZMUJ,Harsh,India,Gujarat,Male,15-03-1988,,
1177-DDPPW,Manish,India,Madhya Pradesh,Male,25-04-1972,shopping,
1178-BZHSN,Mira,India,Uttar Pradesh,Female,21-07-1981,technology,
1179-XAXLF,Ananya,India,Maharashtra,Female,20-06-1980,movie,351536
1180-DDYNK,Raghav,India,Goa,Male,20-08-1983,shopping,
1181-SYQBK,Vivek,India,Maharashtra,Male,22-09-2003,technology,
1182-XNAYS,Pallavi,India,Meghalaya,Female,17-12-1972,technology,350634
1183-UXCQP,Ananya,India,Maharashtra,Female,17-10-1970,movie,
1184-PQZKE,Pooja,India,Nagaland,Female,10-05-2000,,471084
1185-NUVQS,Rahul,India,Meghalaya,Male,27-02-1970,drama,604581
1186-NTQYV,Tanvi,India,Maharashtra,Female,07-05-2003,travel,
1187-QNTBC,Mansi,India,Madhya Pradesh,Female,27-06-1992,sports,
1188-CNGNV,Tanvi,India,Bihar,Female,25-04-2000,music,591138
1189-HYNAV,Raghav,India,Maharashtra,Male,18-02-1991,drama,
1190-TWEEF,Neha,India,West Bengal,Female,22-02-1977,shopping,
1191-UNKUD,Sakshi,India,Madhya Pradesh,Female,12-09-1972,technology,293292
1192-GPFMQ,Pooja,India,Rajasthan,Female,23-07-1983,music,492813
1193-PWEVT,Aditi,India,Karnataka,Female,28-03-2001,,
1194-MRLJJ,Nandini,India,Maharashtra,Female,28-06-1977,,
1195-RDEVJ,Sneha,India,Maharashtra,Female,11-04-1991,music,
1196-EATRY,Siddharth,India,Maharashtra,Male,03-02-1976,shopping,
1197-LDNEA,Meera,India,Kerala,Female,09-09-1999,,
1198-NXMFC,Nandini,India,Meghalaya,Female,01-05-1979,travel,
1199-VQVPE,Shreya,India,Karnataka,Female,08-07-1994,sports,193058
1200-VKWEG,Kritika,India,Rajasthan,Female,11-04-2001,travel,
1201-AFLUM,Tanvi,India,Gujarat,Female,03-06-1972,drama,
1202-UFULT,Siddharth,India,Rajasthan,Male,22-09-1976,job,605794
1203-HJBSZ,Akash,India,Delhi,Male,19-05-1980,movie,
1204-CQYZR,Yash,India,Uttar Pradesh,Male,05-02-2004,shopping,
1205-ASPPM,Varun,India,Delhi,Male,28-05-1999,,
1206-QJQHB,Ananya,India,Telangana,Female,05-09-2001,,
1207-EMCPW,Pallavi,India,Uttar Pradesh,Female,12-01-1986,job,
1208-XVVBQ,Aditya,India,Tamil Nadu,Male,17-04-1974,movie,
1209-TUPSS,Kavya,India,Maharashtra,Female,13-09-1981,,
1210-RVHFP,Mansi,India,Madhya Pradesh,Female,15-06-1986,shopping,
1211-UYVYN,Vivek,India,Maharashtra,Male,05-03-1992,sports,
1212-BBUJV,Kavya,India,Kerala,Female,21-12-1984,,121990
1213-UDJMT,Mira,India,Maharashtra,Female,25-07-2002,drama,251423
1214-GLSPC,Diya,India,Nagaland,Female,12-06-1982,,
1215-SDTCT,Pranav,India,Madhya Pradesh,Male,11-01-1988,movie,429940
1216-TDSAP,Madhav,India,Maharashtra,Male,26-04-1988,,
1217-HXKZN,Nikhil,India,Rajasthan,Male,06-02-2004,job,634971
1218-XVAPG,Nikhil,India,Madhya Pradesh,Male,24-02-1978,technology,
1219-DNVWH,Akash,India,Bihar,Male,19-11-1979,drama,
1220-KKLYX,Neha,India,West Bengal,Female,06-03-1976,travel,
1221-TJWMD,Arjun,India,Maharashtra,Male,14-05-1970,job,
1222-BTKHQ,Aniket,India,Maharashtra,Male,08-01-1999,,673997
1223-GDHYS,Saurabh,India,Tamil Nadu,Male,24-02-1998,,
1224-TCSRC,Pallavi,India,Uttar Pradesh,Female,18-07-1980,technology,
1225-ZGEXZ,Pranav,India,West Bengal,Male,16-08-1970,shopping,
1226-PQHCC,Rahul,India,Gujarat,Male,24-08-1981,,
1227-DSGNN,Pranav,India,Maharashtra,Male,16-02-2003,,411138
1228-MEQTZ,Vivek,India,Maharashtra,Male,28-12-1977,job,544774
1229-NHASJ,Rahul,India,Karnataka,Male,16-11-1991,shopping,
1230-BNPSP,Siddharth,India,Uttar Pradesh,Male,03-06-1991,drama,
1231-LYFHC,Siddharth,India,Madhya Pradesh,Male,01-09-1998,shopping,
1232-WWHXC,Aditi,India,Uttar Pradesh,Female,07-11-1989,music,
1233-NEJHD,Avni,India,Karnataka,Female,20-05-1974,music,676837
1234-QWSQH,Varun,India,Maharashtra,Male,05-10-1999,movie,
1235-GJEYH,Tanvi,India,Rajasthan,Female,04-08-1974,music,611904
1236-PBHMQ,Pranav,India,Karnataka,Male,13-08-1980,movie,
1237-BYPMQ,Meera,India,Telangana,Female,10-03-1998,technology,
1238-RADDN,Kritika,India,Uttar Pradesh,Female,22-04-1982,music,
1239-BXZAP,Kavya,India,Kerala,Female,14-04-1971,,
1240-YWDZS,Aarav,India,Maharashtra,Male,24-03-1971,shopping,
1241-LLVKF,Kritika,India,Maharashtra,Female,08-12-2001,,392330
1242-BTNWU,Tanvi,India,Telangana,Female,03-10-2003,job,
1243-PHJZH,Rohan,India,Gujarat,Male,26-12-1989,,
1244-BNWGD,Mira,India,Kerala,Female,04-12-1970,,
1245-JCDYD,Diya,India,West Bengal,Female,15-11-1985,drama,
1246-UNKSM,Aniket,India,Kerala,Male,26-05-1970,shopping,
1247-GGVGQ,Isha,India,Gujarat,Female,11-09-1982,drama,
1248-GAQBQ,Pranav,India,Uttar Pradesh,Male,28-02-1977,,246218
1249-DBUKH,Madhav,India,Goa,Male,15-03-1986,movie,
1250-LGABT,Aditi,India,Madhya Pradesh,Female,21-11-1979,travel,149674
1251-KTVBF,Sakshi,India,Maharashtra,Female,11-06-2004,sports,
1252-EPZRH,Kavya,India,Uttar Pradesh,Female,03-08-1992,shopping,
1253-VZAJJ,Omkar,India,Maharashtra,Male,22-08-2003,,
1254-DEBHV,Kritika,India,Maharashtra,Female,04-02-1974,shopping,
1255-DWVUQ,Sneha,India,Maharashtra,Female,06-07-1979,music,283022
1256-BAYSQ,Diya,India,Gujarat,Female,05-12-2000,job,
1257-CVHLP,Vivek,India,Bihar,Male,12-10-1976,,
1258-BRGLJ,Priya,India,Maharashtra,Female,06-09-1973,drama,140478
1259-XBQBL,Pranav,India,Rajasthan,Male,05-06-1994,shopping,
1260-EJXQU,Harsh,India,Bihar,Male,14-02-1984,,
1261-FYYXX,Priya,India,Maharashtra,Female,25-12-2000,,145254
1262-SKFJF,Aarav,India,Rajasthan,Male,23-03-1989,shopping,135600
1263-ALGYP,Aditya,India,Uttar Pradesh,Male,02-12-1991,,
1264-UDJNR,Arjun,India,Delhi,Male,22-09-1987,technology,
1265-XLJSS,Siddharth,India,Kerala,Male,03-02-1999,technology,
1266-HZNDJ,Aditi,India,Delhi,Female,28-01-1974,job,
1267-LPXHU,Manish,India,Nagaland,Male,05-01-1988,music,408197
1268-DFAHD,Nandini,India,Karnataka,Female,11-11-1972,music,
1269-YDZPN,Sakshi,India,Madhya Pradesh,Female,24-10-1979,shopping,
1270-CBRQF,Ananya,India,Maharashtra,Female,22-08-2004,movie,646649
1271-LKAJH,Mansi,India,Maharashtra,Female,14-12-1998,shopping,
1272-ZBZUC,Mira,India,Meghalaya,Female,19-12-1999,drama,
1273-FUDHR,Kavya,India,Uttar Pradesh,Female,06-07-1988,shopping,
1274-RMSCN,Madhav,India,Maharashtra,Male,11-03-1973,shopping,
1275-UPWVS,Mira,India,Gujarat,Female,18-02-1993,,
1276-NVVPS,Akash,India,Rajasthan,Male,27-02-1974,drama,128224
1277-TAVFW,Arjun,India,Delhi,Male,03-03-1983,technology,
1278-XBHAC,Pranav,India,Karnataka,Male,22-03-1982,music,
1279-PCPAF,Raghav,India,Maharashtra,Male,24-01-2004,movie,334412
1280-NKUHM,Manish,India,West Bengal,Male,24-09-1988,travel,
1281-GWEBW,Nandini,India,Karnataka,Female,04-11-2001,technology,
1282-ZJQZC,Sakshi,India,Delhi,Female,13-11-1987,music,608941
1283-ATVMA,Omkar,India,Uttar Pradesh,Male,10-03-1990,,
1284-NAUZX,Omkar,India,Rajasthan,Male,15-08-1994,travel,
1285-UPMPN,Sakshi,India,Telangana,Female,02-09-1980,technology,386186
1286-VQURK,Nandini,India,Bihar,Female,02-06-1996,job,
1287-ZKKPV,Siddharth,India,Delhi,Male,11-11-2002,drama,
1288-HPVQY,Harsh,India,Delhi,Male,26-10-1974,,608356
1289-QLUEA,Harsh,India,Rajasthan,Male,21-05-1999,,
1290-WXRWG,Pooja,India,Karnataka,Female,08-07-1985,movie,
1291-PRBTU,Aditya,India,Delhi,Male,14-02-1989,music,204694
1292-YGXFC,Meera,India,Tamil Nadu,Female,24-12-1994,job,
1293-SCPMF,Neha,India,Nagaland,Female,01-05-1993,,
1294-NFLAZ,Riya,India,Maharashtra,Female,07-05-1985,drama,
1295-WTXVV,Pallavi,India,Maharashtra,Female,24-10-1996,,452642
1296-RHBDN,Pranav,India,Gujarat,Male,16-08-1990,drama,
1297-FYYRR,Saurabh,India,Karnataka,Male,13-01-1980,,
1298-VMFEY,Riya,India,West Bengal,Female,14-03-1994,job,
1299-JSLAD,Shreya,India,Gujarat,Female,14-12-1994,,
1300-VTVAN,Riya,India,Bihar,Female,18-03-1993,travel,
1301-JLXGV,Pallavi,India,Delhi,Female,24-06-1980,shopping,268613
1302-MLZPL,Kunal,India,Maharashtra,Male,28-04-1975,sports,
1303-PKBUS,Aditi,India,Delhi,Female,12-07-1977,,
1304-HBQLY,Siddharth,India,Kerala,Male,26-06-1988,travel,184160
1305-RYDHV,Kritika,India,Maharashtra,Female,17-06-1976,job,623407
1306-LAJMF,Manish,India,Telangana,Male,10-02-2003,shopping,
1307-YNNKM,Nandini,India,Karnataka,Female,01-09-1975,movie,
1308-QGZWE,Aditya,India,West Bengal,Male,04-11-1986,technology,
1309-THVQS,Riya,India,Maharashtra,Female,07-01-1978,movie,
1310-HMMAD,Saurabh,India,Bihar,Male,28-01-2000,shopping,
1311-WTQPG,Shreya,India,Rajasthan,Female,23-04-2001,travel,
1312-RLLDT,Nandini,India,Rajasthan,Female,19-04-2002,music,
1313-ZDESC,Neha,India,Maharashtra,Female,16-10-1980,movie,546192
1314-ABLQC,Manish,India,Karnataka,Male,25-06-1991,travel,
1315-CCQUY,Aniket,India,Maharashtra,Male,12-04-1977,drama,416314
1316-ZUAWM,Pallavi,India,Maharashtra,Female,23-06-1987,technology,
1317-NSYLU,Aditya,India,Delhi,Male,14-03-1995,travel,
1318-HKSPH,Nandini,India,Maharashtra,Female,20-09-1987,drama,533560
1319-UXCNK,Aniket,India,Bihar,Male,03-04-1988,,
1320-CUYLP,Saurabh,India,Delhi,Male,19-12-1985,,
1321-CTVBB,Manish,India,Karnataka,Male,22-06-1974,,532318
1322-DNMLZ,Siddharth,India,Rajasthan,Male,06-12-1972,,
1323-MUDQB,Riya,India,Karnataka,Female,04-01-2001,,
1324-QUNML,Neha,India,Kerala,Female,26-02-1990,,539527
1325-SPVSP,Varun,India,Maharashtra,Male,25-10-2004,travel,
1326-PCNHQ,Aditi,India,Delhi,Female,01-07-1981,,442800
1327-EQHAB,Kavya,India,Delhi,Female,09-06-1996,technology,
1328-HPBAR,Madhav,India,Telangana,Male,25-04-1976,,
1329-UNLXL,Saurabh,India,Goa,Male,06-11-1988,travel,173099
1330-BTPHK,Kunal,India,Gujarat,Male,07-07-1987,,
1331-MQASR,Pranav,India,Rajasthan,Male,06-11-1970,technology,622730
1332-CZKQK,Vivek,India,Rajasthan,Male,01-08-1982,job,
1333-ZAMSQ,Siddharth,India,Bihar,Male,28-02-1995,sports,634630
1334-TGWAZ,Mansi,India,Kerala,Female,21-07-1970,travel,448690
1335-GLLAE,Harsh,India,Tamil Nadu,Male,14-12-1984,movie,
1336-YWFMZ,Nikhil,India,Telangana,Male,25-02-1985,,
1337-UBVBQ,Sneha,India,Maharashtra,Female,02-09-1973,sports,509986
1338-LQCRS,Saurabh,India,Telangana,Male,04-02-1982,travel,
1339-ZUHXU,Manish,India,Delhi,Male,12-05-1991,travel,
1340-SSZQH,Kritika,India,Delhi,Female,04-03-1991,shopping,154242
1341-FGEWF,Aarav,India,Karnataka,Male,01-02-1986,drama,
1342-BDYVE,Nandini,India,Delhi,Female,08-11-1997,travel,
1343-FBMRB,Pallavi,India,Nagaland,Female,06-08-2003,music,502041
1344-EWKHX,Yash,India,Karnataka,Male,25-03-1975,movie,419381
1345-VHKEF,Yash,India,Madhya Pradesh,Male,17-09-1988,,
1346-SGSZZ,Aditi,India,West Bengal,Female,26-06-1988,technology,
1347-FQPMV,Sneha,India,Delhi,Female,25-07-1982,technology,329766
1348-WJLSK,Meera,India,Uttar Pradesh,Female,05-03-1972,music,519874
1349-CCPAS,Aditi,India,Karnataka,Female,10-07-1974,job,
1350-DELTM,Avni,India,Karnataka,Female,07-05-1999,travel,259624
1351-TGXLS,Shreya,India,Uttar Pradesh,Female,08-07-1981,drama,563066
1352-RBTXX,Mansi,India,Maharashtra,Female,25-02-1993,movie,
1353-EAGTD,Sakshi,India,Rajasthan,Female,22-09-1975,job,
1354-NLBRN,Omkar,India,Gujarat,Male,20-01-1998,travel,161029
1355-BZCWR,Rohan,India,Meghalaya,Male,11-06-1976,,
1356-KMBVR,Priya,India,Maharashtra,Female,10-07-1983,,
1357-SSZSH,Sakshi,India,Maharashtra,Female,19-10-1971,shopping,
1358-UQBJH,Omkar,India,Karnataka,Male,24-04-1972,,
1359-AWHFN,Arjun,India,Uttar Pradesh,Male,11-09-1994,drama,
1360-PVENL,Riya,India,Maharashtra,Female,14-04-1982,drama,
1361-LQLDY,Aditi,India,West Bengal,Female,25-02-1997,sports,
1362-DMDEA,Sakshi,India,Meghalaya,Female,24-07-1996,music,512693
1363-GXTNM,Priya,India,Uttar Pradesh,Female,08-12-1997,job,
1364-YWAUR,Shreya,India,Gujarat,Female,07-09-1975,technology,283879
1365-YWCPV,Madhav,India,West Bengal,Male,10-12-1995,travel,286579
1366-PFETV,Madhav,India,Bihar,Male,21-08-1996,,
1367-CBUAP,Vivek,India,Karnataka,Male,20-07-1970,,388750
1368-RKBJH,Aarav,India,Rajasthan,Male,27-12-1995,drama,
1369-RARYH,Priya,India,Bihar,Female,15-11-1990,job,618073
1370-XTHED,Kunal,India,Rajasthan,Male,27-05-1975,,
1371-LTDYX,Isha,India,Gujarat,Female,04-11-2000,drama,670510
1372-TTKRP,Isha,India,Karnataka,Female,03-05-1977,movie,
1373-ABNWZ,Nandini,India,Tamil Nadu,Female,22-09-1978,,
1374-HNSGW,Ananya,India,Rajasthan,Female,26-01-1994,music,
1375-VXDAK,Sakshi,India,Bihar,Female,03-07-1995,,
1376-WTLDD,Riya,India,Madhya Pradesh,Female,26-04-1983,job,
1377-YCZEB,Avni,India,Rajasthan,Female,24-11-1979,technology,
1378-VRUWR,Tanvi,India,Nagaland,Female,03-02-1977,movie,
1379-SHDHT,Omkar,India,Tamil Nadu,Male,18-07-1971,,665838
1380-EPVCD,Rahul,India,Maharashtra,Male,03-01-1986,movie,
1381-PSNZJ,Vivek,India,Uttar Pradesh,Male,02-04-1972,job,
1382-GRDLY,Neha,India,Telangana,Female,24-11-1974,sports,
1383-BCCPB,Yash,India,Madhya Pradesh,Male,28-03-1987,job,
1384-NSWPQ,Rahul,India,Delhi,Male,12-03-1994,,532211
1385-LJMGY,Raghav,India,Uttar Pradesh,Male,14-05-1975,music,
1386-WZLNT,Sakshi,India,Telangana,Female,04-12-2004,technology,
1387-ZYSBL,Aniket,India,Madhya Pradesh,Male,12-02-1981,drama,
1388-UCHHF,Ananya,India,Madhya Pradesh,Female,15-01-2002,,
1389-ALENX,Kavya,India,Madhya Pradesh,Female,25-03-1970,sports,347079
1390-LJWEE,Kunal,India,Meghalaya,Male,06-01-1991,job,
1391-NYWKC,Aarav,India,Maharashtra,Male,01-09-1992,job,
1392-EGCGS,Ananya,India,Rajasthan,Female,24-12-1976,,
1393-AEWKN,Arjun,India,Delhi,Male,17-01-2000,technology,
1394-XCEYJ,Kavya,India,Maharashtra,Female,18-11-1970,drama,
1395-XDTCQ,Siddharth,India,Gujarat,Male,18-02-1976,,
1396-XWXZX,Kavya,India,Madhya Pradesh,Female,14-08-1974,,
1397-TKSWZ,Saurabh,India,West Bengal,Male,25-09-1994,technology,
1398-SNHFS,Rahul,India,Karnataka,Male,10-04-2004,travel,
1399-YXGDX,Meera,India,Bihar,Female,08-06-1970,sports,
1400-PVFGP,Neha,India,Rajasthan,Female,05-06-1997,shopping,208243
1401-HXVSE,Aditya,India,Meghalaya,Male,13-11-1999,movie,
1402-PVWCD,Pooja,India,Delhi,Female,08-03-2000,travel,
1403-FKJGY,Kavya,India,Rajasthan,Female,04-04-1977,sports,
1404-ELXSQ,Nandini,India,Kerala,Female,22-08-1987,music,
1405-BPZGC,Rahul,India,West Bengal,Male,16-06-1992,technology,614668
1406-MNFCT,Aditya,India,Karnataka,Male,28-04-1970,travel,490003
1407-WPYLF,Rohan,India,West Bengal,Male,23-12-1977,drama,
1408-BBPVD,Manish,India,West Bengal,Male,10-12-2003,shopping,
1409-DKLYL,Avni,India,Rajasthan,Female,06-07-1984,sports,206403
1410-BSMRK,Pooja,India,Maharashtra,Female,14-11-1993,job,
1411-UHPRA,Sneha,India,Bihar,Female,26-10-1972,shopping,
1412-TZSCK,Aniket,India,Tamil Nadu,Male,19-01-1979,technology,
1413-SDTZN,Tanvi,India,West Bengal,Female,12-05-1991,,
1414-CAUHW,Manish,India,Maharashtra,Male,10-03-1990,drama,
1415-YYZMJ,Shreya,India,Meghalaya,Female,12-08-1978,,
1416-TFVAW,Shreya,India,Maharashtra,Female,08-02-1995,technology,
1417-FTCLP,Neha,India,Uttar Pradesh,Female,02-10-1990,,
1418-EDGBW,Diya,India,Telangana,Female,27-03-1986,travel,206932
1419-LXPVP,Aditya,India,Gujarat,Male,22-06-1979,music,
1420-ATESU,Ananya,India,Delhi,Female,19-11-1982,travel,
1421-JPNUC,Saurabh,India,Rajasthan,Male,20-09-1981,drama,679129
1422-CCWCA,Kavya,India,Rajasthan,Female,21-02-2004,shopping,
1423-CZXKV,Aditi,India,Madhya Pradesh,Female,10-09-1984,sports,
1424-JZZFZ,Pranav,India,Uttar Pradesh,Male,14-10-1973,drama,
1425-RGPYE,Aarav,India,Rajasthan,Male,20-01-1979,,192599
1426-HNFUU,Priya,India,Delhi,Female,01-11-1979,,
1427-BSKHX,Rahul,India,Delhi,Male,19-11-1981,,
1428-QNNUF,Kavya,India,Madhya Pradesh,Female,05-06-1971,job,
1429-LYYGE,Shreya,India,Maharashtra,Female,26-03-1989,job,621529
1430-JRBEA,Avni,India,Meghalaya,Female,13-06-2003,travel,
1431-ASTFP,Isha,India,Telangana,Female,20-05-1994,job,
1432-SLVEB,Sakshi,India,Maharashtra,Female,04-07-1987,movie,
1433-XGWKX,Nikhil,India,Uttar Pradesh,Male,04-08-1974,technology,
1434-XWYCF,Kunal,India,Maharashtra,Male,24-12-1990,technology,
1435-GUCYB,Kritika,India,Tamil Nadu,Female,23-05-1994,drama,254456
1436-CNPRZ,Sakshi,India,Karnataka,Female,23-05-1986,movie,
1437-MKMJV,Riya,India,Gujarat,Female,04-09-1979,drama,
1438-PCMCC,Saurabh,India,Karnataka,Male,22-08-1971,,
1439-YEEEG,Pallavi,India,Rajasthan,Female,08-11-1973,movie,
1440-KCTXG,Rahul,India,West Bengal,Male,10-11-1992,,
1441-SDHLZ,Diya,India,Delhi,Female,03-05-1981,drama,
1442-WNEDC,Meera,India,Rajasthan,Female,09-09-1992,shopping,
1443-QCSTA,Isha,India,Uttar Pradesh,Female,16-06-1979,travel,366239
1444-YNGSX,Avni,India,Meghalaya,Female,07-05-1987,travel,
1445-MDZQR,Sakshi,India,Delhi,Female,15-01-1988,travel,
1446-EQBFM,Isha,India,Tamil Nadu,Female,13-07-1994,movie,
1447-DPHCP,Mansi,India,Karnataka,Female,05-02-1997,,
1448-AUCDX,Harsh,India,Telangana,Male,18-10-1978,,
1449-GZCQV,Meera,India,Kerala,Female,19-12-1977,,
1450-HZAMS,Aditya,India,Maharashtra,Male,04-09-1977,job,
1451-FWGQL,Akash,India,Maharashtra,Male,05-03-1971,job,
1452-VMVDG,Harsh,India,Meghalaya,Male,21-01-1989,,
1453-NNEDR,Tanvi,India,Gujarat,Female,26-05-1978,sports,
1454-GSQPQ,Sneha,India,Maharashtra,Female,04-04-1980,movie,633695
1455-ULBQC,Saurabh,India,West Bengal,Male,11-03-1971,movie,581346
1456-LNUCA,Siddharth,India,Maharashtra,Male,12-01-1978,technology,
1457-JXWVL,Sneha,India,Telangana,Female,10-09-1978,movie,233656
1458-JWDGN,Aniket,India,Madhya Pradesh,Male,13-05-2002,,
1459-HUXBM,Yash,India,Bihar,Male,24-10-1996,,194509
1460-WZABU,Varun,India,Uttar Pradesh,Male,22-11-1994,travel,
1461-ELBFQ,Akash,India,West Bengal,Male,02-10-2004,travel,
1462-DKRRB,Manish,India,Gujarat,Male,15-04-1992,sports,
1463-GEDZF,Vivek,India,Nagaland,Male,08-01-1979,shopping,
1464-QMWKB,Omkar,India,Karnataka,Male,02-09-1997,sports,
1465-JVLLT,Vivek,India,Telangana,Male,15-09-1988,technology,
1466-HPAGG,Kritika,India,Maharashtra,Female,22-10-1989,music,
1467-BYGQH,Saurabh,India,Karnataka,Male,28-05-1987,shopping,
1468-LHPFY,Mira,India,Maharashtra,Female,23-09-1992,travel,
1469-GAQJZ,Sakshi,India,Goa,Female,01-10-1988,drama,
1470-PJFVA,Omkar,India,West Bengal,Male,08-02-1975,,637954
1471-GWHFF,Isha,India,Rajasthan,Female,08-12-1977,shopping,
1472-PVDNU,Avni,India,Uttar Pradesh,Female,11-05-1986,music,
1473-ACGPY,Kunal,India,Kerala,Male,23-01-1997,drama,
1474-XXQQZ,Aditya,India,West Bengal,Male,14-08-1992,shopping,
1475-AQSLH,Aniket,India,Gujarat,Male,08-02-1987,sports,
1476-EDVTZ,Akash,India,Telangana,Male,12-02-1990,sports,
1477-YRDEW,Aarav,India,Uttar Pradesh,Male,18-09-1972,job,116989
1478-YTYCX,Mira,India,Maharashtra,Female,24-05-1978,movie,
1479-BSXAC,Ananya,India,Tamil Nadu,Female,21-11-1972,travel,
1480-FELGK,Yash,India,Rajasthan,Male,27-05-1981,job,416306
1481-RCMHC,Neha,India,West Bengal,Female,20-08-2000,technology,
1482-KVLGB,Isha,India,Delhi,Female,15-05-1972,technology,
1483-FNZWK,Raghav,India,Tamil Nadu,Male,14-06-1993,job,
1484-FUFGC,Shreya,India,Maharashtra,Female,03-02-1987,movie,639017
1485-QHHNA,Tanvi,India,Karnataka,Female,19-11-1986,shopping,
1486-AMKJP,Saurabh,India,Karnataka,Male,25-07-1971,job,
1487-TPFUG,Meera,India,Tamil Nadu,Female,23-06-1972,,
1488-PTTYL,Omkar,India,Maharashtra,Male,17-03-1970,movie,
1489-LACZT,Pallavi,India,Delhi,Female,21-10-1993,drama,
1490-HTZYD,Aditi,India,Delhi,Female,16-03-1981,movie,
1491-PFRYG,Avni,India,Gujarat,Female,25-10-1993,technology,
1492-RKPWQ,Ananya,India,Maharashtra,Female,03-04-1984,,
1493-NCPKK,Nandini,India,Delhi,Female,17-06-2003,movie,
1494-XREWW,Diya,India,Karnataka,Female,12-07-1982,drama,
1495-AGRRK,Mira,India,Uttar Pradesh,Female,16-12-1971,,586558
1496-CPZEQ,Nikhil,India,Tamil Nadu,Male,06-12-1990,,
1497-CLGEN,Aarav,India,Delhi,Male,11-02-1992,shopping,200278
1498-YHSYW,Raghav,India,Maharashtra,Male,09-03-1988,drama,440869
1499-PJRLR,Rohan,India,Goa,Male,18-03-1994,,330896
1500-GNFFG,Aniket,India,Uttar Pradesh,Male,05-08-1981,shopping,
1501-XHMEA,Avni,India,Uttar Pradesh,Female,13-12-1997,shopping,
1502-XNLUY,Avni,India,Maharashtra,Female,10-03-2002,,
1503-HEWLT,Varun,India,Kerala,Male,16-01-1993,drama,
1504-VTLKB,Avni,India,Maharashtra,Female,12-04-1981,music,
1505-CKEDH,Priya,India,Karnataka,Female,06-03-1996,technology,
1506-PKLMZ,Diya,India,West Bengal,Female,09-07-1989,movie,
1507-BAYSG,Diya,India,Maharashtra,Female,04-01-1988,shopping,
1508-HLLHA,Yash,India,Gujarat,Male,13-12-2004,job,
1509-FVWTN,Priya,India,Maharashtra,Female,05-01-1993,,216035
1510-TTBXZ,Harsh,India,Karnataka,Male,17-10-1989,,
1511-BKEGA,Aarav,India,West Bengal,Male,09-05-1978,shopping,
1512-LQNMP,Meera,India,Delhi,Female,15-03-1998,shopping,
1513-QEJLZ,Raghav,India,Telangana,Male,13-04-2001,,248095
1514-FXGUR,Pallavi,India,Telangana,Female,28-04-1995,technology,628871
1515-EXKRZ,Ananya,India,Uttar Pradesh,Female,20-03-1984,,
1516-AQUKN,Rahul,India,Rajasthan,Male,16-03-1985,job,
1517-ZNCQH,Arjun,India,Rajasthan,Male,24-01-1974,travel,536086
1518-VBVVT,Yash,India,Meghalaya,Male,21-11-2002,shopping,
1519-XVFCR,Saurabh,India,Madhya Pradesh,Male,25-04-2001,sports,
1520-GFJJG,Harsh,India,Uttar Pradesh,Male,15-12-2000,sports,
1521-MXZRQ,Pallavi,India,Nagaland,Female,06-11-2001,,
1522-CEMPR,Aniket,India,Madhya Pradesh,Male,22-06-1982,travel,
1523-LNFVE,Arjun,India,Gujarat,Male,02-03-1999,,
1524-UMCXB,Siddharth,India,Rajasthan,Male,16-02-1998,job,
1525-UZGKG,Nikhil,India,Telangana,Male,21-05-2002,sports,
1526-HZMDB,Riya,India,Maharashtra,Female,21-06-1998,,
1527-FSHEK,Rahul,India,Uttar Pradesh,Male,17-06-1980,shopping,
1528-HHPUA,Priya,India,Bihar,Female,26-11-1992,drama,
1529-HPEFN,Kavya,India,Maharashtra,Female,24-06-1980,shopping,
1530-YCDTH,Neha,India,Kerala,Female,07-10-1989,,202281
1531-UWSTY,Tanvi,India,West Bengal,Female,11-03-1983,shopping,348743
1532-KKMBN,Aditi,India,Telangana,Female,28-09-1972,music,674983
1533-VWCYQ,Aditya,India,West Bengal,Male,15-05-1997,shopping,
1534-KHQKA,Diya,India,Maharashtra,Female,22-10-1984,music,668225
1535-UEEAQ,Kunal,India,Telangana,Male,28-06-1974,music,
1536-LWKLT,Omkar,India,Maharashtra,Male,07-07-1998,job,
1537-QTHEZ,Sakshi,India,Karnataka,Female,01-08-1977,travel,508490
1538-SRVXA,Meera,India,Maharashtra,Female,19-03-1985,travel,
1539-KDEYZ,Yash,India,Kerala,Male,01-03-1977,shopping,
1540-AWXBK,Rahul,India,Maharashtra,Male,03-04-1992,technology,
1541-MXDRJ,Manish,India,Rajasthan,Male,08-03-1982,,
1542-THTMQ,Neha,India,Delhi,Female,05-11-1993,,145888
1543-LFQPC,Pallavi,India,Madhya Pradesh,Female,09-03-1991,music,621029
1544-CTDJL,Aniket,India,Karnataka,Male,05-04-2002,job,
1545-NSZED,Pranav,India,Karnataka,Male,20-09-1979,technology,
1546-HBTSF,Rohan,India,West Bengal,Male,16-03-1978,drama,364241
1547-RNNUQ,Saurabh,India,Delhi,Male,24-09-1977,,
1548-LETWM,Isha,India,Telangana,Female,20-12-1975,,
1549-HSGJA,Isha,India,Uttar Pradesh,Female,14-10-1984,sports,219016
1550-WRCCZ,Yash,India,Uttar Pradesh,Male,23-07-1996,travel,474176
1551-APAYC,Aditi,India,Gujarat,Female,27-06-1986,music,
1552-RTUUE,Sneha,India,Delhi,Female,26-12-2004,job,
1553-JVXUZ,Aditi,India,Maharashtra,Female,23-09-1989,,
1554-DJJDK,Kritika,India,Telangana,Female,08-06-1975,shopping,
1555-LVDHZ,Tanvi,India,Meghalaya,Female,06-07-1982,,529029
1556-FNBSH,Varun,India,Uttar Pradesh,Male,23-09-1976,shopping,
1557-PBQML,Aarav,India,Telangana,Male,16-06-1973,drama,
1558-YZFLN,Meera,India,Karnataka,Female,05-07-2002,,
1559-AYTHC,Avni,India,Gujarat,Female,13-07-1994,shopping,
1560-FZRJU,Aditi,India,Kerala,Female,02-09-1973,music,
1561-YEQEF,Kavya,India,Kerala,Female,12-10-1979,,295523
1562-GJENX,Ananya,India,Uttar Pradesh,Female,22-08-1991,,517735
1563-ABZMW,Aniket,India,Maharashtra,Male,19-09-1990,,667765
1564-MMHMK,Riya,India,West Bengal,Female,27-09-1973,travel,
1565-VSLNW,Priya,India,Madhya Pradesh,Female,06-08-1976,job,
1566-YAFVV,Omkar,India,Tamil Nadu,Male,02-07-1993,drama,
1567-XTGSK,Shreya,India,Delhi,Female,09-08-1982,,120937
1568-MEHYG,Riya,India,Telangana,Female,09-10-1988,movie,235201
1569-LJTLU,Siddharth,India,Gujarat,Male,01-10-1972,drama,
1570-BFNPD,Priya,India,Maharashtra,Female,17-07-1974,,
1571-PWUAP,Manish,India,Madhya Pradesh,Male,22-05-1994,,515555
1572-LXFGT,Mira,India,Kerala,Female,01-12-1993,technology,
1573-YLLTL,Tanvi,India,Nagaland,Female,13-11-1990,drama,
1574-PUKRF,Manish,India,Maharashtra,Male,27-05-1998,,
1575-SKSGT,Omkar,India,Uttar Pradesh,Male,14-03-1982,music,
1576-SUCAW,Nikhil,India,Kerala,Male,07-06-1990,drama,
1577-CPXDK,Pooja,India,Telangana,Female,09-12-2000,job,
1578-ZJLPL,Manish,India,Goa,Male,03-06-1992,music,
1579-RHVUJ,Aditi,India,Uttar Pradesh,Female,12-03-1996,sports,
1580-JGZRR,Mansi,India,Maharashtra,Female,19-12-1970,travel,427415
1581-ZLSDJ,Mansi,India,Karnataka,Female,03-05-1988,shopping,
1582-UWAAV,Kunal,India,Uttar Pradesh,Male,28-11-1999,music,
1583-FTKRE,Manish,India,Uttar Pradesh,Male,10-08-1981,,174243
1584-CUEWU,Rahul,India,Meghalaya,Male,14-10-1988,,
1585-DBMXB,Sneha,India,Gujarat,Female,24-01-1998,movie,
1586-MMUHZ,Arjun,India,Uttar Pradesh,Male,12-12-1972,technology,597530
1587-WUKWD,Aditi,India,Rajasthan,Female,19-03-1981,drama,
1588-ZBZBH,Kritika,India,Delhi,Female,16-09-1985,job,546570
1589-GTVWJ,Sneha,India,Maharashtra,Female,08-07-1993,job,
1590-HRZFQ,Arjun,India,Rajasthan,Male,11-01-2000,,210226
1591-LUUGD,Manish,India,Karnataka,Male,12-06-1970,,
1592-QCTTE,Isha,India,Tamil Nadu,Female,27-12-1997,travel,
1593-DLHYL,Pranav,India,Rajasthan,Male,05-10-1980,music,
1594-HEQUR,Avni,India,West Bengal,Female,02-09-1972,drama,
1595-UMPNR,Neha,India,Telangana,Female,15-04-1975,drama,
1596-HKRKN,Sakshi,India,Maharashtra,Female,03-09-1996,travel,
1597-KDARQ,Mansi,India,Nagaland,Female,27-03-1994,job,
1598-UECKC,Siddharth,India,West Bengal,Male,22-12-1989,job,
1599-HZQDM,Isha,India,Maharashtra,Female,28-01-1976,travel,
1600-TJGRH,Vivek,India,Delhi,Male,26-08-1986,job,
1601-APBSF,Shreya,India,Maharashtra,Female,27-07-2001,shopping,
1602-GSZES,Rohan,India,Kerala,Male,23-09-1997,shopping,
1603-RKPJZ,Neha,India,Tamil Nadu,Female,18-11-2001,technology,487833
1604-DBNWR,Mansi,India,Uttar Pradesh,Female,05-10-1980,job,
1605-UMHWJ,Pallavi,India,Uttar Pradesh,Female,19-04-1995,music,
1606-XSHUH,Varun,India,Uttar Pradesh,Male,01-01-1982,travel,
1607-KSHKF,Kritika,India,Uttar Pradesh,Female,20-11-2000,,153909
1608-LQXYS,Omkar,India,Maharashtra,Male,16-02-2001,sports,
1609-MHPSL,Kavya,India,Maharashtra,Female,28-10-1978,travel,640889
1610-WAQLS,Siddharth,India,Rajasthan,Male,13-01-1985,drama,
1611-XCDTY,Saurabh,India,Rajasthan,Male,23-01-1997,,
1612-FYDAC,Siddharth,India,Rajasthan,Male,18-06-2004,sports,
1613-YWVEM,Ananya,India,Maharashtra,Female,21-09-1994,,
1614-FUWJF,Diya,India,Maharashtra,Female,28-01-1997,music,
1615-QUXRU,Arjun,India,Uttar Pradesh,Male,25-08-1988,movie,
1616-MVYHN,Riya,India,Kerala,Female,16-09-2000,technology,253936
1617-GGNHX,Harsh,India,Karnataka,Male,27-04-1989,music,652819
1618-HSJPH,Avni,India,Telangana,Female,24-12-1977,sports,
1619-YMJGB,Omkar,India,Tamil Nadu,Male,03-01-1995,job,377189
1620-KCEJV,Rohan,India,Kerala,Male,18-02-1987,,
1621-GFFQU,Isha,India,Maharashtra,Female,06-04-1990,technology,
1622-FMDEF,Aarav,India,Karnataka,Male,19-07-1989,,515488
1623-NKLED,Pranav,India,Tamil Nadu,Male,26-03-1994,technology,
1624-SPRBT,Omkar,India,Telangana,Male,01-07-1993,shopping,567486
1625-WRQVW,Nandini,India,Maharashtra,Female,23-02-1984,drama,
1626-FHNFC,Harsh,India,Uttar Pradesh,Male,18-05-1981,shopping,
1627-NUPJE,Arjun,India,Tamil Nadu,Male,25-03-1990,sports,
1628-JUMLT,Rahul,India,Uttar Pradesh,Male,13-02-1972,drama,
1629-RNUPW,Mira,India,Telangana,Female,17-03-1996,shopping,
1630-AMUFU,Saurabh,India,Kerala,Male,26-11-1978,sports,
1631-DZFDR,Raghav,India,Nagaland,Male,13-08-1992,technology,
1632-YDZDT,Priya,India,Maharashtra,Female,17-11-1983,music,135313
1633-XULNR,Kunal,India,Madhya Pradesh,Male,22-06-1994,shopping,
1634-LVDPG,Aarav,India,Bihar,Male,09-01-1980,shopping,
1635-WYGPX,Meera,India,Telangana,Female,09-11-2003,,
1636-FUXFX,Varun,India,Telangana,Male,13-12-1996,technology,
1637-JJHMZ,Avni,India,Karnataka,Female,10-04-1997,job,
1638-CZVRZ,Manish,India,Karnataka,Male,27-05-1978,music,
1639-EEKZC,Kritika,India,Tamil Nadu,Female,10-10-1974,drama,178098
1640-RVLYV,Meera,India,Karnataka,Female,23-03-1999,drama,
1641-HFMKY,Ananya,India,Madhya Pradesh,Female,06-06-1972,technology,
1642-UWLVT,Meera,India,Goa,Female,28-01-1981,drama,372774
1643-TLURT,Meera,India,Maharashtra,Female,07-09-2000,job,
1644-QLYVL,Mansi,India,Bihar,Female,10-01-1999,music,128786
1645-YWFGX,Arjun,India,Uttar Pradesh,Male,09-07-1986,travel,
1646-VPLNY,Kritika,India,Uttar Pradesh,Female,07-10-2001,,
1647-MCYTE,Mira,India,Meghalaya,Female,24-04-1997,drama,
1648-NMQUJ,Yash,India,Karnataka,Male,09-09-1982,travel,
1649-AWVLV,Ananya,India,Maharashtra,Female,24-10-2000,movie,347766
1650-DCNUQ,Sakshi,India,Telangana,Female,20-02-1991,travel,
1651-SVZGW,Aniket,India,Nagaland,Male,24-05-2001,sports,
1652-EFVFG,Varun,India,Madhya Pradesh,Male,18-05-2004,sports,215315
1653-BVKCD,Aditya,India,Delhi,Male,19-11-1981,movie,127664
1654-SXPTW,Mansi,India,Karnataka,Female,20-04-1997,technology,
1655-QACQT,Harsh,India,Karnataka,Male,08-11-1977,drama,
1656-LDRCJ,Shreya,India,Uttar Pradesh,Female,22-08-1987,job,
1657-GLDUW,Pallavi,India,Delhi,Female,10-02-1996,drama,
1658-LSGMK,Manish,India,Karnataka,Male,25-01-1978,job,619506
1659-VTAPX,Raghav,India,Karnataka,Male,18-11-1985,,
1660-AECHU,Mira,India,Uttar Pradesh,Female,27-11-1995,,
1661-JFYAB,Arjun,India,Meghalaya,Male,15-04-1972,technology,
1662-KZRXX,Nikhil,India,Madhya Pradesh,Male,26-02-1977,sports,
1663-ZVXCN,Harsh,India,Delhi,Male,12-12-1997,music,
1664-EFDMR,Pranav,India,Maharashtra,Male,24-12-1977,job,
1665-BKLSD,Tanvi,India,Maharashtra,Female,19-11-2004,job,580873
1666-NYWCS,Arjun,India,Gujarat,Male,18-02-2004,shopping,
1667-XFPJN,Mira,India,Delhi,Female,02-03-1978,technology,
1668-DGWAU,Aarav,India,Kerala,Male,11-02-1971,drama,
1669-TQTZH,Aniket,India,Uttar Pradesh,Male,06-05-1988,movie,
1670-GQBKA,Tanvi,India,Maharashtra,Female,22-01-1973,sports,367544
1671-VNZJB,Pooja,India,West Bengal,Female,02-12-1994,,151289
1672-UUYWN,Aditya,India,Maharashtra,Male,28-02-1973,technology,
1673-MYNKU,Omkar,India,Karnataka,Male,03-11-1979,drama,
1674-LTJTN,Vivek,India,Delhi,Male,15-02-1986,travel,
1675-FSJSH,Aditya,India,Rajasthan,Male,26-07-1989,sports,
1676-GRZGE,Siddharth,India,Bihar,Male,27-04-1992,,
1677-UPQEQ,Manish,India,Karnataka,Male,11-11-1995,job,151116
1678-KMNKP,Aarav,India,Madhya Pradesh,Male,26-01-1983,travel,
1679-GGZCT,Aditi,India,Kerala,Female,12-07-1983,,
1680-WQUKE,Siddharth,India,Uttar Pradesh,Male,03-03-2002,job,
1681-NYBJA,Isha,India,Rajasthan,Female,14-07-1995,travel,
1682-YUGJB,Pallavi,India,Telangana,Female,04-10-1997,shopping,618843
1683-HPVZU,Riya,India,Karnataka,Female,14-03-2003,travel,
1684-BJPSV,Avni,India,Karnataka,Female,15-12-1971,sports,283646
1685-HPQQT,Sneha,India,Kerala,Female,18-03-1988,music,
1686-EEEEU,Raghav,India,West Bengal,Male,19-07-1997,,167434
1687-QHRXR,Varun,India,West Bengal,Male,12-01-1988,technology,
1688-PDRCP,Nandini,India,Meghalaya,Female,01-04-1974,,615340
1689-UGEGN,Harsh,India,Tamil Nadu,Male,09-09-1989,travel,
1690-BWUNB,Pranav,India,Delhi,Male,03-01-1971,technology,
1691-EREPL,Neha,India,Maharashtra,Female,21-04-1993,sports,
1692-UKDDA,Manish,India,Gujarat,Male,02-07-2000,drama,
1693-AWXDC,Aarav,India,Nagaland,Male,08-07-1984,,
1694-DKNZC,Riya,India,Bihar,Female,07-08-1985,sports,216552
1695-BWRXX,Vivek,India,Uttar Pradesh,Male,14-09-1986,drama,
1696-NXWES,Diya,India,Maharashtra,Female,25-10-1984,shopping,134032
1697-KYFKU,Aarav,India,Nagaland,Male,18-07-1970,drama,
1698-UNLCG,Aditya,India,Telangana,Male,19-02-1981,drama,453296
1699-WYDYW,Pranav,India,Gujarat,Male,27-11-1984,,
1700-RGLPL,Saurabh,India,Maharashtra,Male,18-04-1981,technology,579321
1701-ZBRZM,Shreya,India,Telangana,Female,16-09-1997,drama,
1702-SXRWU,Shreya,India,Gujarat,Female,15-11-1991,,
1703-YKQEJ,Pooja,India,Uttar Pradesh,Female,18-11-1978,,392332
1704-SHNJZ,Pooja,India,Madhya Pradesh,Female,06-07-1991,,290206
1705-YCTJA,Pallavi,India,Karnataka,Female,11-09-1994,travel,446008
1706-VBVXQ,Rohan,India,Karnataka,Male,08-10-1991,sports,
1707-TJXVM,Arjun,India,Tamil Nadu,Male,02-06-1998,travel,
1708-YCQMB,Manish,India,Maharashtra,Male,08-03-1993,,
1709-WQKUN,Riya,India,Kerala,Female,23-08-1978,music,
1710-TQEDY,Aditya,India,Tamil Nadu,Male,01-06-1997,drama,
1711-RVZCH,Sneha,India,Karnataka,Female,16-06-1990,travel,
1712-QTDZS,Akash,India,Rajasthan,Male,10-12-1998,technology,
1713-NVEPV,Siddharth,India,Tamil Nadu,Male,20-04-1978,drama,
1714-MADMN,Saurabh,India,Karnataka,Male,16-06-1981,shopping,
1715-QNUSL,Vivek,India,Meghalaya,Male,15-12-1981,movie,
1716-YHEPP,Akash,India,Kerala,Male,14-12-1976,music,
1717-WNHYG,Manish,India,Gujarat,Male,24-12-1999,shopping,
1718-QTELV,Aditi,India,Karnataka,Female,03-08-1981,drama,
1719-YNDAS,Kunal,India,Tamil Nadu,Male,26-12-1995,travel,
1720-WLSST,Pallavi,India,Nagaland,Female,18-11-1985,technology,
1721-JWYWP,Aarav,India,West Bengal,Male,19-12-1980,music,
1722-BSMQC,Priya,India,Uttar Pradesh,Female,07-02-1979,drama,233816
1723-QADJT,Isha,India,Karnataka,Female,10-01-1983,,311793
1724-CUGCG,Pallavi,India,Maharashtra,Female,19-01-1991,music,
1725-TWBTR,Harsh,India,Uttar Pradesh,Male,19-12-1978,shopping,
1726-UDWGB,Aarav,India,Maharashtra,Male,14-01-2000,movie,
1727-KDWNY,Nikhil,India,Delhi,Male,21-11-1980,travel,
1728-RJXHB,Avni,India,Gujarat,Female,10-06-1992,technology,
1729-UVNAA,Mansi,India,Karnataka,Female,09-07-1998,movie,
1730-CNKCB,Nikhil,India,Maharashtra,Male,12-05-1973,,398933
1731-SLSQM,Vivek,India,Telangana,Male,22-04-1991,job,
1732-SMAZK,Kavya,India,Delhi,Female,19-11-1991,travel,
1733-PVPSS,Avni,India,Maharashtra,Female,23-11-1985,movie,
1734-XUNMF,Siddharth,India,Rajasthan,Male,04-11-1998,technology,
1735-FVULF,Avni,India,Telangana,Female,15-10-1977,travel,
1736-NECBD,Madhav,India,Maharashtra,Male,08-02-2004,music,647873
1737-YNVWZ,Mira,India,Delhi,Female,25-03-1978,movie,
1738-MMCWW,Avni,India,Maharashtra,Female,25-02-1995,movie,275498
1739-KYSWR,Madhav,India,Maharashtra,Male,23-04-1992,movie,
1740-XSPHK,Saurabh,India,Uttar Pradesh,Male,10-03-1995,travel,
1741-DZJUV,Mira,India,Telangana,Female,17-01-1978,,
1742-DZNQB,Pranav,India,Tamil Nadu,Male,03-05-1975,job,
1743-FMKAE,Rohan,India,Madhya Pradesh,Male,17-09-1990,movie,
1744-LRWSG,Shreya,India,Kerala,Female,16-12-2000,movie,
1745-WMPCB,Diya,India,Telangana,Female,27-04-1976,music,303681
1746-KQLYK,Sneha,India,Delhi,Female,26-06-1986,travel,
1747-YXBCM,Priya,India,Karnataka,Female,26-09-2004,technology,327204
1748-KAARP,Raghav,India,Telangana,Male,02-03-1986,sports,504617
1749-DVYHW,Tanvi,India,Delhi,Female,15-10-1971,sports,
1750-KDRUJ,Priya,India,Maharashtra,Female,20-10-1991,music,
1751-SMKUQ,Aditi,India,Maharashtra,Female,23-05-1981,movie,
1752-ZMMPE,Rahul,India,Uttar Pradesh,Male,26-08-1992,travel,396468
1753-DEGTX,Isha,India,Rajasthan,Female,02-09-1994,shopping,
1754-GVZGA,Mira,India,Delhi,Female,21-05-1993,shopping,
1755-UTMYT,Saurabh,India,Rajasthan,Male,08-04-1995,sports,284439
1756-VGTEK,Nikhil,India,Gujarat,Male,09-03-2002,,
1757-WLNNB,Nandini,India,Bihar,Female,09-05-1987,music,
1758-LUCRR,Isha,India,Uttar Pradesh,Female,18-03-1977,shopping,
1759-XSBZH,Manish,India,Maharashtra,Male,05-11-1998,sports,
1760-XVRQD,Arjun,India,Telangana,Male,04-03-1976,,
1761-FDBCE,Aarav,India,Maharashtra,Male,15-07-2003,technology,
1762-CPVEK,Raghav,India,Maharashtra,Male,10-09-1985,music,
1763-EHWQV,Rohan,India,Maharashtra,Male,27-08-1971,technology,
1764-SLCAR,Riya,India,Kerala,Female,27-12-1975,job,
1765-NAUUL,Raghav,India,Telangana,Male,24-09-1994,,
1766-CNSRU,Yash,India,Maharashtra,Male,12-03-1997,shopping,191301
1767-PVEAZ,Harsh,India,Nagaland,Male,26-02-1978,shopping,
1768-QUCSW,Madhav,India,Maharashtra,Male,14-03-1995,sports,
1769-GTGDV,Riya,India,Nagaland,Female,14-06-1972,,
1770-BKYXK,Saurabh,India,Maharashtra,Male,28-05-1978,shopping,
1771-NDGLC,Sneha,India,Meghalaya,Female,01-06-2004,shopping,
1772-WXCVC,Akash,India,Maharashtra,Male,12-12-1972,job,
1773-UPHHV,Harsh,India,Telangana,Male,18-10-1996,,333702
1774-VNDMV,Siddharth,India,Madhya Pradesh,Male,09-01-1974,music,
1775-UTLNX,Nikhil,India,Kerala,Male,17-07-1979,travel,
1776-PZHFY,Shreya,India,Madhya Pradesh,Female,11-01-2004,music,165652
1777-EEVQN,Meera,India,Maharashtra,Female,23-11-2001,sports,
1778-SLKSE,Omkar,India,Gujarat,Male,11-04-1993,sports,
1779-BDLVY,Nikhil,India,Maharashtra,Male,06-12-1983,music,382242
1780-WMPYS,Aditi,India,Madhya Pradesh,Female,01-01-1974,technology,
1781-BHQCF,Kritika,India,Uttar Pradesh,Female,12-09-1981,music,
1782-BKLGU,Manish,India,Rajasthan,Male,07-12-1978,job,
1783-JADJA,Ananya,India,Bihar,Female,05-05-1990,technology,
1784-FFHCA,Harsh,India,Maharashtra,Male,02-11-1996,music,
1785-VQAXJ,Meera,India,West Bengal,Female,11-08-2004,,
1786-VXDJN,Madhav,India,Rajasthan,Male,23-01-1999,,
1787-SERQR,Yash,India,Madhya Pradesh,Male,17-02-2003,,
1788-PTXPM,Pooja,India,Gujarat,Female,18-07-1976,,
1789-YNPXV,Meera,India,Bihar,Female,22-01-1989,movie,
1790-ZDYBC,Sakshi,India,Bihar,Female,05-12-1983,,
1791-TMWDX,Yash,India,Gujarat,Male,17-03-1972,movie,
1792-MKQQF,Aarav,India,Uttar Pradesh,Male,22-07-1975,movie,
1793-GWTVB,Shreya,India,Maharashtra,Female,04-04-1975,technology,
1794-YXAFK,Aditya,India,Telangana,Male,12-06-1995,travel,
1795-TPJHQ,Saurabh,India,Karnataka,Male,05-07-1980,technology,
1796-SGDSW,Varun,India,Gujarat,Male,20-12-1976,technology,
1797-VXTZG,Pooja,India,Kerala,Female,18-06-1973,job,
1798-MAZGW,Avni,India,Gujarat,Female,26-06-2001,shopping,
1799-KYQNZ,Akash,India,Karnataka,Male,03-03-1987,drama,
1800-NVEKD,Avni,India,Nagaland,Female,06-08-1989,movie,
1801-BSGPE,Akash,India,Tamil Nadu,Male,10-06-1989,job,168549
1802-YDCJP,Varun,India,Delhi,Male,12-04-1980,sports,294779
1803-ZWYSS,Meera,India,Kerala,Female,15-04-1979,shopping,
1804-RRBAD,Kunal,India,Maharashtra,Male,15-06-1981,job,235741
1805-VSMDA,Siddharth,India,Nagaland,Male,23-06-1992,drama,653265
1806-TZJXR,Arjun,India,Maharashtra,Male,23-11-1979,shopping,
1807-FJDLC,Priya,India,Rajasthan,Female,18-01-1975,shopping,
1808-XPPZS,Diya,India,Madhya Pradesh,Female,28-09-1986,sports,532091
1809-DYYNR,Mira,India,Bihar,Female,22-09-1992,,
1810-RXFXU,Isha,India,Maharashtra,Female,02-09-1977,sports,526096
1811-RHARF,Pooja,India,Meghalaya,Female,26-09-1973,sports,
1812-GBERB,Akash,India,Bihar,Male,03-02-1987,,
1813-LMVBV,Aarav,India,Karnataka,Male,22-03-1997,travel,184576
1814-MPLAY,Ananya,India,Maharashtra,Female,16-08-1997,job,
1815-PJWYY,Ananya,India,Maharashtra,Female,25-11-1975,technology,
1816-GGRVG,Rohan,India,Maharashtra,Male,15-09-1996,technology,
1817-CVKJS,Madhav,India,Kerala,Male,14-01-1972,job,
1818-MBXPJ,Isha,India,Delhi,Female,12-12-1973,,
1819-BHGNW,Kritika,India,Meghalaya,Female,22-07-1988,technology,
1820-UFSWG,Riya,India,Karnataka,Female,09-07-1987,travel,
1821-PVRXP,Kavya,India,Karnataka,Female,25-01-1976,,
1822-UJMQW,Rohan,India,Karnataka,Male,09-05-1972,,
1823-HJSMA,Sneha,India,Madhya Pradesh,Female,09-02-1983,music,
1824-YTAFH,Pooja,India,Karnataka,Female,04-11-1983,travel,
1825-VAUZR,Harsh,India,Kerala,Male,02-10-1994,drama,204027
1826-UJBDP,Diya,India,Meghalaya,Female,25-08-1981,music,
1827-FXFFG,Tanvi,India,Maharashtra,Female,14-11-1977,shopping,
1828-ERFBX,Harsh,India,Telangana,Male,06-08-1986,job,
1829-YRDBJ,Diya,India,Madhya Pradesh,Female,18-11-1986,shopping,216526
1830-EGKRF,Neha,India,Tamil Nadu,Female,05-11-2000,music,
1831-GGNTY,Isha,India,Uttar Pradesh,Female,25-10-1998,movie,
1832-SKYQS,Saurabh,India,Kerala,Male,23-05-2001,travel,
1833-FLDJG,Vivek,India,Nagaland,Male,11-11-1994,sports,
1834-XANNN,Aditi,India,Karnataka,Female,01-03-1971,music,
1835-KRFYQ,Diya,India,Karnataka,Female,16-08-1981,shopping,
1836-DRPYD,Kavya,India,Maharashtra,Female,02-04-1996,drama,
1837-VTRYB,Sneha,India,Delhi,Female,17-10-1986,travel,
1838-SDVCW,Rahul,India,West Bengal,Male,10-12-1993,,
1839-BHHDW,Rohan,India,Tamil Nadu,Male,17-10-1981,shopping,573727
1840-HTQTF,Vivek,India,Uttar Pradesh,Male,06-03-1997,movie,
1841-TYYPW,Aditya,India,Rajasthan,Male,27-03-1998,technology,
1842-TSBJE,Varun,India,Delhi,Male,07-07-2004,movie,
1843-RPQBK,Pooja,India,Tamil Nadu,Female,28-04-1997,job,
1844-NRXZX,Pooja,India,Meghalaya,Female,14-04-1976,,
1845-SWTFX,Kritika,India,Gujarat,Female,16-09-1974,music,130746
1846-RYNWV,Aditya,India,Uttar Pradesh,Male,15-10-1999,technology,232452
1847-JMTAT,Omkar,India,Nagaland,Male,13-09-1995,drama,
1848-QSRAL,Neha,India,Uttar Pradesh,Female,09-08-1971,shopping,259653
1849-QHSGJ,Shreya,India,Delhi,Female,26-04-2002,,
1850-NNZHQ,Madhav,India,Delhi,Male,06-10-1970,,
1851-GWJCF,Rohan,India,Delhi,Male,27-11-1989,,358472
1852-QWQRA,Shreya,India,Delhi,Female,07-10-1986,shopping,
1853-DXVAR,Akash,India,Nagaland,Male,08-01-1977,sports,
1854-YVJHA,Kunal,India,Maharashtra,Male,20-10-1992,technology,
1855-RRLAM,Shreya,India,Delhi,Female,26-11-1988,music,
1856-BDHJC,Aarav,India,West Bengal,Male,22-03-1995,drama,
1857-NPFJH,Mansi,India,Delhi,Female,22-10-1981,sports,
1858-BJBWB,Kritika,India,Maharashtra,Female,10-08-1998,sports,
1859-CUMJH,Ananya,India,Karnataka,Female,11-01-1983,job,
1860-QEYNN,Varun,India,Maharashtra,Male,18-08-1981,shopping,
1861-YTMVN,Aniket,India,Telangana,Male,14-06-1976,shopping,
1862-YZFVD,Shreya,India,Uttar Pradesh,Female,11-05-1997,travel,
1863-NKNXE,Shreya,India,Delhi,Female,10-09-2002,,
1864-UDNCQ,Kunal,India,Maharashtra,Male,18-12-1999,,
1865-UNXGH,Madhav,India,Tamil Nadu,Male,16-07-1983,drama,658482
1866-NUPQZ,Madhav,India,Goa,Male,01-10-1991,travel,
1867-VJRRT,Saurabh,India,Bihar,Male,11-11-1970,job,242684
1868-MDWJF,Priya,India,Uttar Pradesh,Female,27-06-2003,,
1869-YVNEU,Saurabh,India,Maharashtra,Male,24-09-1992,,
1870-HRCJK,Isha,India,Uttar Pradesh,Female,12-06-1981,movie,216181
1871-EADQZ,Diya,India,Maharashtra,Female,06-05-1985,,196201
1872-ZHXJW,Diya,India,Tamil Nadu,Female,04-06-1972,travel,
1873-CRSLN,Harsh,India,Delhi,Male,19-01-1983,technology,157085
1874-PENWY,Mira,India,Kerala,Female,28-02-1992,job,454616
1875-ZUUWV,Siddharth,India,Delhi,Male,17-10-1983,,178164
1876-LVCTQ,Yash,India,Karnataka,Male,06-01-1996,,243921
1877-TJMAU,Aarav,India,Maharashtra,Male,19-12-2001,sports,
1878-YYDGY,Harsh,India,Gujarat,Male,24-03-2000,technology,378184
1879-AHNCK,Manish,India,Maharashtra,Male,15-07-2004,drama,
1880-JKPAJ,Kritika,India,Delhi,Female,16-02-1973,job,
1881-XRMEA,Meera,India,Kerala,Female,14-12-1987,movie,
1882-DTYTQ,Tanvi,India,Tamil Nadu,Female,13-03-2000,,
1883-MVTAZ,Madhav,India,Goa,Male,18-10-1992,music,227385
1884-ELXZS,Mira,India,Rajasthan,Female,22-09-1997,technology,
1885-LRZZC,Manish,India,Delhi,Male,14-02-1978,sports,
1886-ZRWUZ,Mansi,India,Karnataka,Female,15-05-1997,travel,
1887-UAAPK,Shreya,India,Rajasthan,Female,01-10-1977,travel,
1888-TDFSE,Avni,India,Gujarat,Female,23-12-1999,,156903
1889-PMGFB,Isha,India,Karnataka,Female,24-02-1977,job,
1890-UZHZE,Aditi,India,Maharashtra,Female,25-06-1983,job,401226
1891-DBBDX,Kunal,India,Gujarat,Male,23-02-2004,,
1892-XMSXM,Ananya,India,Meghalaya,Female,12-04-1980,shopping,
1893-YRUZJ,Raghav,India,Uttar Pradesh,Male,02-02-1995,travel,
1894-ATTEZ,Harsh,India,Gujarat,Male,12-02-1997,movie,
1895-UTZGK,Raghav,India,Uttar Pradesh,Male,14-08-1979,job,424412
1896-ZHWGJ,Sneha,India,Rajasthan,Female,06-09-1996,drama,
1897-LVYYU,Kunal,India,Delhi,Male,15-10-1974,technology,682290
1898-JAZCN,Riya,India,Bihar,Female,11-04-1978,sports,
1899-LGTJJ,Aarav,India,Bihar,Male,21-05-1987,movie,
1900-VTNGV,Omkar,India,Meghalaya,Male,28-06-1971,movie,
1901-FASBQ,Aditi,India,Tamil Nadu,Female,05-08-1985,movie,639779
1902-QYBVA,Siddharth,India,Delhi,Male,08-02-2000,movie,
1903-SQUBN,Harsh,India,Uttar Pradesh,Male,11-09-1999,music,
1904-WNADM,Arjun,India,Rajasthan,Male,14-02-1996,travel,
1905-GMCEJ,Rohan,India,Rajasthan,Male,28-09-1996,movie,
1906-ARSHV,Siddharth,India,Kerala,Male,27-03-1981,movie,
1907-SBQCP,Neha,India,Maharashtra,Female,04-12-1973,technology,
1908-BAHCL,Aarav,India,Delhi,Male,05-01-1984,movie,
1909-FSYWF,Aditya,India,Maharashtra,Male,25-02-1971,sports,632893
1910-PHUWD,Saurabh,India,Madhya Pradesh,Male,05-02-1991,job,500192
1911-MFKDU,Nandini,India,West Bengal,Female,15-08-1997,drama,
1912-MZUMT,Vivek,India,Rajasthan,Male,17-04-1989,travel,304734
1913-NZXEN,Priya,India,Rajasthan,Female,05-05-1997,travel,576952
1914-KLDQF,Pallavi,India,Tamil Nadu,Female,22-07-1973,travel,386034
1915-ANWUM,Sneha,India,Goa,Female,28-10-1990,shopping,
1916-TJDWQ,Arjun,India,Tamil Nadu,Male,05-05-2003,drama,
1917-MCBMJ,Diya,India,Uttar Pradesh,Female,14-02-2001,drama,
1918-EWEAE,Avni,India,Tamil Nadu,Female,09-02-1970,drama,
1919-XAJAA,Siddharth,India,Karnataka,Male,09-03-1999,sports,
1920-YAKYG,Yash,India,Uttar Pradesh,Male,23-02-1990,,
1921-VFRHU,Priya,India,Maharashtra,Female,14-12-1997,shopping,
1922-RJLAW,Riya,India,Tamil Nadu,Female,16-12-1996,music,
1923-DUXUY,Pranav,India,Maharashtra,Male,19-09-1986,travel,
1924-RHWBQ,Nikhil,India,Delhi,Male,28-04-1972,technology,
1925-DVAPT,Vivek,India,Maharashtra,Male,03-05-1987,drama,170327
1926-ZKBMQ,Pooja,India,Maharashtra,Female,06-07-1970,,
1927-MFKYW,Sakshi,India,Delhi,Female,13-11-2002,sports,
1928-DTNGW,Priya,India,Karnataka,Female,12-02-1976,job,
1929-WNLYM,Madhav,India,Rajasthan,Male,23-06-1978,sports,
1930-CEYAU,Sakshi,India,Maharashtra,Female,13-11-2001,,
1931-BNRUJ,Varun,India,Maharashtra,Male,14-12-1990,shopping,251533
1932-FUWTB,Pooja,India,Telangana,Female,28-03-1981,music,
1933-QGEAW,Rahul,India,Karnataka,Male,10-02-1987,,
1934-GVJWZ,Diya,India,Karnataka,Female,27-08-1974,sports,
1935-KABZY,Saurabh,India,Rajasthan,Male,13-06-1972,sports,
1936-NYAPF,Siddharth,India,Karnataka,Male,27-08-1975,technology,
1937-JXGXE,Saurabh,India,Rajasthan,Male,12-09-1994,shopping,
1938-VMWCP,Aditya,India,Tamil Nadu,Male,20-10-2001,,
1939-FJUVN,Avni,India,Karnataka,Female,12-03-1970,sports,
1940-SBAYQ,Aniket,India,Kerala,Male,24-08-1990,sports,
1941-MBSBM,Kavya,India,Delhi,Female,17-09-1999,sports,
1942-KXWDX,Omkar,India,Telangana,Male,22-06-1974,sports,
1943-CUHAL,Aditi,India,Delhi,Female,14-06-1985,technology,
1944-RRAKS,Varun,India,Madhya Pradesh,Male,06-12-1981,technology,540244
1945-FUSVB,Ananya,India,Telangana,Female,22-05-1983,drama,650056
1946-PDCLG,Sneha,India,Telangana,Female,24-11-1995,shopping,141185
1947-PUNQS,Manish,India,Maharashtra,Male,23-07-1979,music,
1948-KHATQ,Aditya,India,Gujarat,Male,10-06-1985,,
1949-GQDZF,Isha,India,Tamil Nadu,Female,22-12-1979,movie,
1950-CXNWU,Vivek,India,Nagaland,Male,24-10-1986,drama,
1951-LBARA,Saurabh,India,Maharashtra,Male,06-09-1979,,
1952-PJPRM,Sneha,India,Maharashtra,Female,14-01-2004,,227790
1953-SXGFV,Pooja,India,Uttar Pradesh,Female,22-09-1991,shopping,
1954-QYDFJ,Rahul,India,Telangana,Male,15-10-1987,technology,
1955-SBJSL,Varun,India,Tamil Nadu,Male,22-05-1993,travel,364880
1956-FAKMU,Riya,India,Uttar Pradesh,Female,19-06-1978,sports,
1957-KEJQQ,Harsh,India,Madhya Pradesh,Male,11-04-1985,,610653
1958-FNBYV,Vivek,India,Delhi,Male,07-12-2003,,
1959-TBVTR,Raghav,India,Gujarat,Male,10-04-1974,movie,
1960-LHSHT,Raghav,India,Madhya Pradesh,Male,23-10-1991,drama,
1961-QGXKX,Yash,India,Meghalaya,Male,03-01-1978,shopping,
1962-URTZG,Raghav,India,Karnataka,Male,09-08-1989,movie,
1963-MRBZJ,Akash,India,Maharashtra,Male,05-01-1981,music,
1964-PAGLL,Neha,India,West Bengal,Female,01-02-1990,shopping,
1965-CSZDN,Sneha,India,Karnataka,Female,09-04-1994,travel,
1966-GTQSF,Omkar,India,Maharashtra,Male,01-08-2001,travel,
1967-ZFYTD,Varun,India,Maharashtra,Male,13-10-1983,technology,
1968-ALNDH,Sneha,India,Bihar,Female,23-05-1994,technology,
1969-EZTQQ,Isha,India,Maharashtra,Female,28-11-1982,drama,518733
1970-SDAFX,Manish,India,Rajasthan,Male,23-06-1987,sports,420658
1971-BUGTV,Isha,India,Uttar Pradesh,Female,26-08-1996,technology,
1972-THDMP,Aditi,India,Karnataka,Female,13-09-1994,travel,
1973-QAFBC,Rohan,India,Tamil Nadu,Male,01-11-1985,drama,
1974-QFCRE,Priya,India,Maharashtra,Female,02-07-2004,drama,
1975-TZGGH,Vivek,India,Telangana,Male,18-12-1977,,
1976-WQSDM,Priya,India,Delhi,Female,01-07-1996,job,
1977-XKDJZ,Pallavi,India,Nagaland,Female,07-06-1974,travel,181148
1978-BDGBF,Riya,India,Rajasthan,Female,23-01-1986,technology,
1979-CYBRN,Diya,India,Bihar,Female,13-12-1989,,335243
