customerid,subscription_start_date,subscription_type,renewal_date,plan_type,contract_type,cancellation_date,cancellation_reason,monthly_charges,cltv,churn_score
0002-ORFBO,15-03-2021,Refferal,15-03-2025,Standard,Annual,,,13.99,627,12
0003-MKNFE,01-08-2020,Paid,01-08-2024,Premium,Annual,10-09-2024,Switched to competitor,12.99,1150,91
0004-TLHLJ,20-11-2022,Organic,20-11-2025,Basic,Monthly,,,6.99,210,34
0011-IGKFF,10-05-2019,Paid,10-05-2025,Premium,Annual,,,22.99,1725,8
0013-EXCHZ,05-01-2023,Refferal,05-01-2024,Standard,Monthly,28-02-2024,Too expensive,13.99,195,88
0013-MHZWF,18-06-2022,Paid,18-06-2025,Standard,Annual,,,17.99,720,22
0013-SMEOE,30-09-2021,Refferal,30-09-2024,Basic,Monthly,15-11-2024,Not enough content,8.99,230,79
0014-BMAQU,14-02-2020,Organic,14-02-2025,Premium,Annual,,,22.99,1840,5
0015-UOCOJ,22-07-2023,Organic,22-07-2024,Standard,Monthly,,,13.99,240,34
0016-QLJIS,03-04-2022,Organic,03-04-2025,Basic,Annual,,,6.99,335,41
0017-DINOC,01-12-2021,Organic,01-12-2025,Premium,Annual,,,22.99,1610,14
0017-IUDMW,17-03-2023,Refferal,17-03-2024,Standard,Monthly,01-05-2024,Poor streaming quality,7.99,270,83
0018-NYROU,09-10-2020,Organic,09-10-2025,Standard,Annual,,,13.99,980,19
0019-EFAEP,25-08-2022,Refferal,25-08-2024,Basic,Monthly,31-10-2024,Switched to competitor,12.99,160,76
0019-GFNTW,11-11-2019,Paid,11-11-2025,Premium,Annual,,,92.99,2185,3
0020-INWCK,06-05-2023,Organic,06-05-2025,Standard,Monthly,,,13.99,640,58
0020-JDNXP,19-01-2022,Organic,19-01-2024,Premium,Annual,,,20.99,550,62
0021-IKXGC,07-07-2021,Paid,07-07-2025,Standard,Annual,,,13.99,840,27
0022-TCJCI,14-09-2023,Refferal,14-09-2024,Basic,Monthly,14-09-2024,Forgot to cancel trial,16.99,42,99
0023-HGHWL,23-06-2020,Organic,23-06-2025,Premium,Annual,,,22.99,1955,7
0023-UYUPN,31-12-2022,Paid,31-12-2025,Standard,Monthly,,,13.99,790,47
1001-RAGFT,23-04-2023,Organic,23-04-2024,Standard,Monthly,,,15.08,1009,52
1002-JJGBM,08-11-2019,Refferal,08-11-2020,Premium,Annual,,,24.34,901,48
1003-WDJSS,23-11-2021,Refferal,23-11-2022,Standard,Annual,,,17.46,597,65
1004-HRKXM,05-04-2021,Organic,05-04-2022,Standard,Monthly,25-07-2021,Poor streaming quality,15.18,715,45
1005-QMGPY,24-12-2019,Organic,24-12-2020,Basic,Monthly,,,8.52,340,5
1006-RQDUN,03-10-2020,Organic,03-10-2021,Basic,Monthly,,,6.75,613,26
1007-MPGWL,04-08-2023,Organic,04-08-2024,Basic,Monthly,,,5.99,759,17
1008-MNTXP,28-08-2022,Refferal,28-08-2023,Standard,Annual,21-04-2023,Not enough content,13.49,570,49
1009-GFYLW,07-08-2022,Organic,07-08-2023,Premium,Annual,24-03-2023,Not enough content,19.79,940,56
1010-GSTUR,19-01-2019,Paid,19-01-2020,Standard,Annual,05-11-2019,Switched to competitor,14.82,848,37
1011-PABRP,25-06-2022,Paid,25-06-2023,Premium,Monthly,,,19.67,652,99
1012-NDJBF,10-09-2024,Refferal,10-09-2025,Premium,Monthly,03-12-2024,Forgot to cancel trial,18.66,447,80
1013-MXWCL,04-01-2023,Refferal,04-01-2024,Basic,Annual,,,8.45,399,2
1014-DDHXV,26-03-2020,Organic,26-03-2021,Premium,Annual,,,21.42,866,70
1015-VWVGU,01-04-2020,Organic,01-04-2021,Standard,Monthly,20-09-2020,Not enough content,13.74,504,49
1016-ZNYCZ,14-06-2024,Organic,14-06-2025,Standard,Monthly,,,12.41,771,45
1017-AYNTT,11-07-2024,Organic,11-07-2025,Standard,Monthly,,,14.75,996,15
1018-XQHPA,22-03-2024,Paid,22-03-2025,Basic,Monthly,,,7.14,693,37
1019-SFEAF,08-07-2022,Refferal,08-07-2023,Basic,Annual,,,10.26,575,63
1020-FVSMP,17-12-2023,Organic,17-12-2024,Standard,Annual,15-09-2024,Poor streaming quality,13.31,779,55
1021-RUNRG,23-07-2020,Organic,23-07-2021,Basic,Monthly,,,6.94,302,45
1022-VKUYA,09-04-2022,Organic,09-04-2023,Standard,Monthly,,,11.36,852,74
1023-XQRCL,25-05-2022,Refferal,25-05-2023,Premium,Monthly,,,20.83,1146,85
1024-CYMGJ,03-04-2024,Organic,03-04-2025,Standard,Annual,,,12.57,879,56
1025-VVPAN,21-06-2022,Organic,21-06-2023,Premium,Monthly,14-04-2023,Not enough content,20.91,528,97
1026-UMVQH,28-08-2019,Organic,28-08-2020,Basic,Monthly,17-02-2020,Forgot to cancel trial,9.8,599,52
1027-AYCTM,23-07-2020,Organic,23-07-2021,Basic,Annual,,,8.19,468,2
1028-PJLHF,19-12-2021,Organic,19-12-2022,Premium,Monthly,27-04-2022,Not enough content,21.78,682,95
1029-PSDWM,27-02-2022,Paid,27-02-2023,Basic,Monthly,,,6.21,586,41
1030-YCFPK,02-10-2023,Refferal,02-10-2024,Standard,Annual,17-02-2024,Not enough content,14.71,904,35
1031-SMAGG,21-04-2023,Organic,21-04-2024,Basic,Monthly,25-10-2023,Forgot to cancel trial,8.2,481,72
1032-GCSSY,22-04-2019,Refferal,22-04-2020,Premium,Monthly,,,20.27,749,52
1033-AUMRX,04-11-2021,Paid,04-11-2022,Premium,Monthly,27-06-2022,Forgot to cancel trial,21.64,649,71
1034-VAWMB,16-12-2022,Paid,16-12-2023,Basic,Annual,,,7.47,372,12
1035-PCZXM,15-04-2022,Refferal,15-04-2023,Standard,Monthly,,,13.24,819,37
1036-GUKYN,25-09-2021,Organic,25-09-2022,Standard,Monthly,24-02-2022,Forgot to cancel trial,14.88,726,99
1037-KHMXK,15-09-2019,Refferal,15-09-2020,Basic,Monthly,,,8.56,102,48
1038-GQKBH,10-11-2024,Organic,10-11-2025,Premium,Annual,30-01-2025,Poor streaming quality,20.93,1162,55
1039-AHBJL,05-10-2022,Organic,05-10-2023,Basic,Annual,,,7.57,611,48
1040-GPBYZ,19-07-2020,Paid,19-07-2021,Standard,Monthly,08-03-2021,Not enough content,11.42,609,85
1041-UZXTV,21-02-2024,Organic,21-02-2025,Standard,Monthly,,,15.73,1134,35
1042-HTEDN,03-08-2019,Refferal,03-08-2020,Basic,Annual,,,5.99,960,55
1043-VJUAN,20-01-2022,Refferal,20-01-2023,Premium,Monthly,23-03-2022,Poor streaming quality,18.81,1113,48
1044-KDYHM,24-12-2023,Organic,24-12-2024,Basic,Monthly,,,6.88,500,14
1045-AJLYW,22-02-2022,Refferal,22-02-2023,Basic,Annual,10-09-2022,Too expensive,5.99,402,52
1046-EVPQV,22-02-2020,Organic,22-02-2021,Premium,Monthly,,,24.4,1039,43
1047-TMUNC,22-07-2022,Organic,22-07-2023,Basic,Annual,,,9.78,582,13
1048-DQQTK,14-04-2022,Organic,14-04-2023,Basic,Monthly,18-12-2022,Not enough content,10.87,713,13
1049-DYBVC,28-06-2022,Refferal,28-06-2023,Standard,Annual,,,14.56,719,65
1050-JPFRF,20-10-2023,Paid,20-10-2024,Standard,Monthly,,,11.08,750,71
1051-EDRBT,24-05-2021,Paid,24-05-2022,Basic,Annual,,,8.54,346,52
1052-BBLLQ,19-11-2024,Organic,19-11-2025,Standard,Annual,,,14.5,650,54
1053-HATEK,28-02-2022,Organic,28-02-2023,Basic,Monthly,,,12.09,372,60
1054-ZEYMS,24-05-2022,Organic,24-05-2023,Basic,Monthly,,,9.43,615,27
1055-XJTVV,15-08-2024,Organic,15-08-2025,Premium,Annual,,,23.54,1225,35
1056-QWRDB,02-01-2022,Paid,02-01-2023,Standard,Monthly,,,14.9,905,77
1057-KPYTA,17-02-2024,Paid,17-02-2025,Standard,Monthly,,,13.45,553,41
1058-JYKUS,20-11-2024,Paid,20-11-2025,Premium,Monthly,17-06-2025,Not enough content,19.2,1207,63
1059-KQYHK,10-06-2019,Refferal,10-06-2020,Basic,Monthly,,,8.6,490,69
1060-BWCUW,26-10-2024,Organic,26-10-2025,Premium,Annual,,,24.19,1675,47
1061-QUUFF,26-04-2020,Organic,26-04-2021,Standard,Annual,,,15.37,509,28
1062-TNCCD,13-01-2022,Refferal,13-01-2023,Standard,Monthly,,,15.05,667,50
1063-WRUDG,27-04-2021,Paid,27-04-2022,Basic,Annual,,,9.03,493,43
1064-CFRQB,12-10-2019,Paid,12-10-2020,Basic,Monthly,13-05-2020,Switched to competitor,5.99,715,42
1065-UNAWB,21-11-2024,Paid,21-11-2025,Basic,Annual,19-06-2025,Forgot to cancel trial,8.46,544,16
1066-VSZME,10-06-2019,Paid,10-06-2020,Standard,Annual,,,14.84,886,30
1067-JUWHC,09-09-2021,Organic,09-09-2022,Premium,Annual,,,21.12,1202,27
1068-HBRHQ,03-01-2024,Paid,03-01-2025,Standard,Monthly,,,15.22,791,83
1069-ADLJL,06-12-2019,Paid,06-12-2020,Standard,Monthly,17-05-2020,Poor streaming quality,10.96,628,37
1070-SZEDB,23-03-2021,Organic,23-03-2022,Standard,Annual,,,15.12,1322,59
1071-VFMJP,03-10-2022,Organic,03-10-2023,Basic,Monthly,,,9.25,754,76
1072-NHDYF,06-11-2023,Organic,06-11-2024,Standard,Annual,,,15.42,1085,40
1073-YAWBY,16-05-2024,Organic,16-05-2025,Basic,Annual,,,6.29,437,36
1074-KMJDW,04-08-2020,Organic,04-08-2021,Basic,Monthly,18-03-2021,Forgot to cancel trial,8.17,189,99
1075-XVYTE,15-09-2022,Organic,15-09-2023,Premium,Monthly,25-06-2023,Forgot to cancel trial,22.5,1148,24
1076-MNWLX,03-05-2023,Paid,03-05-2024,Standard,Monthly,,,16.39,658,60
1077-DCJZP,11-12-2020,Organic,11-12-2021,Premium,Monthly,,,19.42,541,77
1078-HKQWQ,21-12-2024,Refferal,21-12-2025,Basic,Monthly,,,8.47,507,51
1079-TQERQ,14-06-2022,Organic,14-06-2023,Basic,Annual,,,12.71,477,56
1080-TBDEH,22-12-2024,Paid,22-12-2025,Standard,Annual,27-05-2025,Not enough content,14.4,911,35
1081-ZHGES,25-06-2022,Organic,25-06-2023,Premium,Monthly,,,19.25,880,59
1082-GMENY,14-02-2019,Paid,14-02-2020,Basic,Monthly,22-12-2019,Too expensive,9.89,509,25
1083-XMEZH,27-01-2020,Refferal,27-01-2021,Standard,Monthly,,,12.95,1172,40
1084-APCZG,21-08-2024,Paid,21-08-2025,Basic,Monthly,,,8.88,750,23
1085-EWXVN,08-07-2021,Organic,08-07-2022,Standard,Monthly,,,18.66,627,79
1086-JFSMD,15-03-2022,Organic,15-03-2023,Standard,Annual,,,12.92,549,77
1087-RFFUW,05-09-2023,Organic,05-09-2024,Basic,Annual,,,8.97,461,59
1088-XLBDK,19-04-2024,Paid,19-04-2025,Basic,Monthly,,,7.86,248,2
1089-ZMGED,28-11-2024,Organic,28-11-2025,Standard,Annual,,,13.43,1012,19
1090-TFAAH,25-12-2020,Organic,25-12-2021,Basic,Annual,,,5.99,572,31
1091-SWFBL,05-05-2020,Organic,05-05-2021,Premium,Monthly,,,24.16,1275,28
1092-TESPB,25-03-2022,Organic,25-03-2023,Standard,Monthly,,,14.01,654,33
1093-BKKNK,13-05-2019,Refferal,13-05-2020,Standard,Annual,07-04-2020,Forgot to cancel trial,14.43,623,34
1094-EXPUK,11-06-2020,Organic,11-06-2021,Standard,Monthly,21-11-2020,Forgot to cancel trial,13.14,985,58
1095-LDHKW,26-12-2020,Paid,26-12-2021,Standard,Monthly,29-10-2021,Switched to competitor,17.48,1221,30
1096-BVBAD,22-11-2023,Paid,22-11-2024,Premium,Annual,19-09-2024,Forgot to cancel trial,16.7,862,53
1097-YNFQG,27-11-2021,Refferal,27-11-2022,Premium,Annual,,,21.61,647,39
1098-PBAEM,03-01-2021,Paid,03-01-2022,Standard,Monthly,,,12.91,716,45
1099-AEDVV,05-12-2022,Organic,05-12-2023,Premium,Annual,,,21.78,1015,38
1100-FBQQQ,19-11-2020,Paid,19-11-2021,Standard,Monthly,,,14.67,947,77
1101-JCYLU,03-01-2019,Paid,03-01-2020,Standard,Monthly,,,12.17,758,46
1102-KCXXZ,09-07-2020,Organic,09-07-2021,Standard,Monthly,12-12-2020,Poor streaming quality,15.33,824,55
1103-WKWLL,23-12-2021,Paid,23-12-2022,Standard,Annual,,,16.8,792,37
1104-JYEZE,05-08-2024,Paid,05-08-2025,Standard,Monthly,,,13.55,1022,53
1105-ZMKNY,22-11-2020,Organic,22-11-2021,Standard,Annual,,,15.81,1093,66
1106-UZLAG,04-08-2019,Organic,04-08-2020,Basic,Annual,,,8.04,541,57
1107-JUNJC,24-03-2024,Organic,24-03-2025,Basic,Monthly,,,8.7,698,47
1108-KERLA,19-02-2024,Organic,19-02-2025,Basic,Annual,,,9.3,944,23
1109-WNRQQ,08-02-2021,Paid,08-02-2022,Basic,Monthly,,,5.99,673,25
1110-KERSR,16-01-2021,Refferal,16-01-2022,Basic,Annual,,,9.73,704,56
1111-KWMBA,04-09-2023,Paid,04-09-2024,Standard,Monthly,,,13.96,750,38
1112-ULFLT,07-04-2019,Organic,07-04-2020,Premium,Annual,,,19.5,936,76
1113-JGNHS,28-05-2019,Organic,28-05-2020,Standard,Annual,08-12-2019,Too expensive,12.17,835,40
1114-MPGKL,28-01-2023,Paid,28-01-2024,Premium,Annual,,,19.75,1034,38
1115-BNFLF,02-01-2024,Organic,02-01-2025,Basic,Annual,21-04-2024,Poor streaming quality,8.53,460,30
1116-LZXXH,24-05-2024,Paid,24-05-2025,Standard,Monthly,,,14.5,265,25
1117-DFSAS,12-06-2019,Paid,12-06-2020,Premium,Monthly,,,19.41,725,60
1118-DNARL,13-12-2023,Paid,13-12-2024,Standard,Monthly,24-02-2024,Too expensive,17.24,816,78
1119-QUSWR,13-08-2020,Paid,13-08-2021,Basic,Monthly,,,7.95,649,29
1120-YDWPJ,02-01-2020,Organic,02-01-2021,Premium,Monthly,,,20.35,925,69
1121-KRNDC,24-07-2024,Organic,24-07-2025,Premium,Monthly,,,22.13,689,97
1122-BRREA,25-12-2020,Organic,25-12-2021,Premium,Annual,,,21.87,776,69
1123-NGZRM,17-12-2020,Organic,17-12-2021,Basic,Annual,21-07-2021,Poor streaming quality,8.48,679,42
1124-SBFNB,10-04-2021,Paid,10-04-2022,Standard,Monthly,,,12.29,792,59
1125-UEXUF,28-07-2024,Organic,28-07-2025,Standard,Monthly,,,17.18,1162,78
1126-ZDGBF,19-10-2019,Organic,19-10-2020,Basic,Annual,27-04-2020,Poor streaming quality,6.3,560,62
1127-HGBEU,10-08-2020,Organic,10-08-2021,Standard,Annual,,,18.81,603,29
1128-QFWDT,24-09-2022,Organic,24-09-2023,Standard,Monthly,,,12.67,442,7
1129-UFEKS,04-06-2019,Organic,04-06-2020,Basic,Monthly,,,6.32,612,53
1130-ASEFE,18-07-2022,Organic,18-07-2023,Standard,Monthly,13-05-2023,Too expensive,18.12,811,77
1131-VZUJP,08-10-2021,Organic,08-10-2022,Basic,Annual,,,6.01,238,53
1132-QFDFF,26-06-2023,Paid,26-06-2024,Standard,Monthly,,,18.02,676,86
1133-DYWVZ,01-08-2023,Paid,01-08-2024,Basic,Annual,29-11-2023,Not enough content,5.99,380,76
1134-CHDDY,23-12-2021,Organic,23-12-2022,Basic,Monthly,,,10.71,537,13
1135-UPEHV,21-03-2021,Paid,21-03-2022,Premium,Monthly,,,21,1093,66
1136-GFBGC,04-07-2023,Paid,04-07-2024,Premium,Annual,,,22.36,761,32
1137-VAAGC,16-10-2023,Paid,16-10-2024,Standard,Monthly,,,14.25,827,70
1138-YNRHC,27-05-2019,Organic,27-05-2020,Standard,Annual,21-09-2019,Not enough content,11.52,1040,12
1139-CUMXG,09-08-2022,Organic,09-08-2023,Basic,Monthly,,,8.72,885,32
1140-JNZQP,13-02-2021,Paid,13-02-2022,Premium,Annual,,,21.24,1141,84
1141-QCUEZ,11-05-2023,Organic,11-05-2024,Premium,Annual,30-12-2023,Forgot to cancel trial,25.52,888,94
1142-NLKDQ,21-07-2021,Organic,21-07-2022,Standard,Annual,01-11-2021,Forgot to cancel trial,16.13,1083,62
1143-AXHFT,24-05-2020,Organic,24-05-2021,Standard,Annual,,,11.87,898,63
1144-FVTUW,01-10-2023,Organic,01-10-2024,Basic,Annual,16-11-2023,Poor streaming quality,5.99,40,14
1145-EJMKY,24-05-2020,Organic,24-05-2021,Premium,Monthly,11-04-2021,Too expensive,20.4,1401,78
1146-SGKAU,23-05-2023,Organic,23-05-2024,Premium,Annual,17-12-2023,Poor streaming quality,21.15,529,91
1147-SVKCN,21-05-2021,Paid,21-05-2022,Basic,Monthly,,,5.99,576,51
1148-NFBWV,24-07-2022,Paid,24-07-2023,Basic,Annual,,,7.92,575,2
1149-NUXSN,08-02-2024,Organic,08-02-2025,Standard,Annual,,,11.12,643,63
1150-HWMWQ,28-01-2022,Organic,28-01-2023,Premium,Monthly,,,18.92,716,50
1151-LHTUM,05-02-2022,Organic,05-02-2023,Standard,Annual,,,13.85,490,69
1152-ESRFS,10-05-2019,Paid,10-05-2020,Standard,Monthly,,,15.1,695,46
1153-ZMUDX,23-06-2019,Refferal,23-06-2020,Standard,Monthly,,,13.75,627,32
1154-CNQSL,25-04-2023,Organic,25-04-2024,Basic,Monthly,,,5.99,449,95
1155-FACCP,09-05-2022,Organic,09-05-2023,Standard,Monthly,03-11-2022,Not enough content,12.45,766,60
1156-TCUBW,13-02-2020,Refferal,13-02-2021,Standard,Monthly,,,13.5,833,70
1157-XEDTZ,01-10-2021,Paid,01-10-2022,Premium,Annual,,,19.82,835,43
1158-XLBRA,21-11-2024,Paid,21-11-2025,Standard,Annual,,,8.93,695,16
1159-DWWWB,15-02-2020,Organic,15-02-2021,Standard,Monthly,,,17.61,835,50
1160-TAKAP,27-01-2021,Paid,27-01-2022,Basic,Monthly,,,8.67,755,99
1161-TCUFJ,20-05-2019,Refferal,20-05-2020,Basic,Monthly,24-09-2019,Not enough content,7.71,151,28
1162-YWQUL,06-10-2024,Organic,06-10-2025,Standard,Monthly,,,14.44,643,38
1163-KZXUG,28-09-2024,Paid,28-09-2025,Basic,Annual,,,6.57,744,20
1164-SYDTZ,27-12-2024,Organic,27-12-2025,Standard,Annual,21-03-2025,Switched to competitor,15.93,987,47
1165-SDBUE,26-09-2020,Paid,26-09-2021,Premium,Annual,09-05-2021,Poor streaming quality,21.16,1156,37
1166-SZBTE,06-08-2021,Refferal,06-08-2022,Premium,Monthly,,,22.18,678,38
1167-AMYAY,17-06-2024,Organic,17-06-2025,Basic,Monthly,,,6.06,633,18
1168-CFFHJ,20-10-2024,Refferal,20-10-2025,Basic,Monthly,,,12.19,875,17
1169-GTANU,01-09-2023,Paid,01-09-2024,Standard,Monthly,05-05-2024,Switched to competitor,12.56,459,47
1170-XTLVB,03-09-2021,Organic,03-09-2022,Standard,Monthly,,,12.09,560,57
1171-ASNRQ,13-07-2022,Organic,13-07-2023,Premium,Monthly,28-02-2023,Forgot to cancel trial,21.59,772,60
1172-HXZWR,24-04-2021,Organic,24-04-2022,Standard,Annual,,,11.99,922,34
1173-EQGCS,19-12-2020,Organic,19-12-2021,Standard,Monthly,,,15.09,590,33
1174-XHLQH,24-12-2020,Organic,24-12-2021,Standard,Monthly,,,15.64,788,17
1175-LUMCR,21-09-2019,Organic,21-09-2020,Basic,Annual,,,6.53,438,55
1176-PZMUJ,17-06-2022,Refferal,17-06-2023,Basic,Monthly,,,5.99,521,12
1177-DDPPW,08-06-2021,Refferal,08-06-2022,Basic,Monthly,,,8.56,664,29
1178-BZHSN,13-05-2023,Organic,13-05-2024,Premium,Monthly,,,17.33,521,60
1179-XAXLF,04-12-2021,Organic,04-12-2022,Standard,Monthly,01-08-2022,Switched to competitor,12.56,425,57
1180-DDYNK,20-07-2020,Paid,20-07-2021,Basic,Annual,,,7.14,413,68
1181-SYQBK,20-08-2020,Paid,20-08-2021,Standard,Annual,,,15.83,677,25
1182-XNAYS,19-06-2022,Refferal,19-06-2023,Premium,Annual,,,24.16,827,2
1183-UXCQP,07-11-2022,Organic,07-11-2023,Standard,Monthly,02-10-2023,Not enough content,15.26,715,51
1184-PQZKE,28-03-2024,Organic,28-03-2025,Premium,Monthly,,,19.66,1127,63
1185-NUVQS,09-02-2019,Organic,09-02-2020,Basic,Monthly,,,10.56,831,55
1186-NTQYV,22-03-2023,Organic,22-03-2024,Basic,Monthly,09-09-2023,Poor streaming quality,7.08,403,38
1187-QNTBC,19-07-2022,Paid,19-07-2023,Basic,Monthly,,,8.86,619,43
1188-CNGNV,16-01-2023,Paid,16-01-2024,Basic,Monthly,,,12.56,685,73
1189-HYNAV,19-04-2021,Paid,19-04-2022,Basic,Annual,,,10.63,252,35
1190-TWEEF,20-06-2022,Refferal,20-06-2023,Basic,Annual,,,5.99,376,2
1191-UNKUD,17-12-2019,Organic,17-12-2020,Standard,Annual,08-11-2020,Switched to competitor,14.03,706,86
1192-GPFMQ,06-08-2021,Paid,06-08-2022,Standard,Annual,,,13.51,397,70
1193-PWEVT,09-05-2022,Organic,09-05-2023,Standard,Monthly,,,14.51,278,73
1194-MRLJJ,11-06-2021,Paid,11-06-2022,Standard,Monthly,,,16.51,662,66
1195-RDEVJ,13-11-2023,Refferal,13-11-2024,Basic,Monthly,08-10-2024,Forgot to cancel trial,9.38,745,99
1196-EATRY,25-09-2022,Paid,25-09-2023,Premium,Monthly,12-05-2023,Not enough content,21.54,618,54
1197-LDNEA,06-09-2024,Paid,06-09-2025,Standard,Monthly,,,15.82,757,39
1198-NXMFC,16-05-2021,Paid,16-05-2022,Standard,Annual,,,12.94,670,62
1199-VQVPE,17-04-2024,Paid,17-04-2025,Premium,Annual,,,23.27,799,45
1200-VKWEG,06-01-2023,Organic,06-01-2024,Premium,Monthly,,,18.84,655,51
1201-AFLUM,18-02-2022,Refferal,18-02-2023,Standard,Monthly,,,15.66,1081,34
1202-UFULT,11-05-2024,Paid,11-05-2025,Basic,Annual,,,10.97,843,54
1203-HJBSZ,19-01-2019,Paid,19-01-2020,Premium,Monthly,,,19.29,321,36
1204-CQYZR,25-11-2023,Paid,25-11-2024,Basic,Annual,05-07-2024,Not enough content,11.28,704,60
1205-ASPPM,15-03-2023,Organic,15-03-2024,Basic,Monthly,29-12-2023,Poor streaming quality,8.61,1059,24
1206-QJQHB,11-11-2022,Organic,11-11-2023,Basic,Monthly,,,8.27,587,52
1207-EMCPW,16-11-2020,Organic,16-11-2021,Premium,Annual,,,22.05,727,59
1208-XVVBQ,07-07-2023,Paid,07-07-2024,Basic,Annual,,,9.03,829,88
1209-TUPSS,15-10-2023,Paid,15-10-2024,Premium,Annual,,,24.5,1110,45
1210-RVHFP,10-01-2024,Refferal,10-01-2025,Standard,Monthly,11-07-2024,Too expensive,13.71,791,57
1211-UYVYN,26-05-2020,Paid,26-05-2021,Basic,Monthly,03-08-2020,Not enough content,5.99,504,88
1212-BBUJV,17-05-2019,Organic,17-05-2020,Basic,Monthly,,,7.05,155,26
1213-UDJMT,16-04-2023,Paid,16-04-2024,Standard,Monthly,,,15.8,553,60
1214-GLSPC,20-06-2020,Paid,20-06-2021,Premium,Annual,,,18.14,1375,49
1215-SDTCT,11-01-2022,Organic,11-01-2023,Basic,Monthly,,,7.42,425,15
1216-TDSAP,01-11-2022,Paid,01-11-2023,Basic,Annual,,,7.39,481,2
1217-HXKZN,01-12-2023,Organic,01-12-2024,Basic,Annual,,,7.48,912,58
1218-XVAPG,19-04-2022,Refferal,19-04-2023,Basic,Annual,,,10.47,428,35
1219-DNVWH,24-09-2023,Refferal,24-09-2024,Basic,Monthly,,,13.65,821,51
1220-KKLYX,08-04-2023,Paid,08-04-2024,Standard,Monthly,,,13.94,693,63
1221-TJWMD,15-03-2019,Organic,15-03-2020,Premium,Monthly,,,19.73,736,49
1222-BTKHQ,18-01-2024,Refferal,18-01-2025,Standard,Annual,29-09-2024,Poor streaming quality,12.79,850,31
1223-GDHYS,18-12-2023,Organic,18-12-2024,Basic,Monthly,14-11-2024,Too expensive,7.43,131,84
1224-TCSRC,28-10-2021,Refferal,28-10-2022,Standard,Monthly,23-12-2021,Poor streaming quality,16.39,324,84
1225-ZGEXZ,08-08-2023,Organic,08-08-2024,Basic,Annual,,,7.24,286,33
1226-PQHCC,11-05-2019,Organic,11-05-2020,Standard,Monthly,,,12.28,1002,30
1227-DSGNN,09-06-2023,Organic,09-06-2024,Standard,Annual,22-04-2024,Poor streaming quality,16.05,921,77
1228-MEQTZ,12-06-2019,Organic,12-06-2020,Standard,Annual,03-12-2019,Not enough content,11.51,834,35
1229-NHASJ,21-03-2022,Refferal,21-03-2023,Standard,Annual,,,11.3,702,64
1230-BNPSP,21-07-2021,Paid,21-07-2022,Standard,Monthly,18-10-2021,Not enough content,13.17,856,75
1231-LYFHC,16-06-2020,Paid,16-06-2021,Standard,Monthly,04-09-2020,Forgot to cancel trial,13.2,571,85
1232-WWHXC,18-05-2021,Organic,18-05-2022,Basic,Monthly,04-11-2021,Switched to competitor,9.35,389,63
1233-NEJHD,01-03-2019,Organic,01-03-2020,Standard,Annual,04-11-2019,Poor streaming quality,14.71,766,19
1234-QWSQH,22-05-2022,Organic,22-05-2023,Standard,Annual,,,13.58,751,35
1235-GJEYH,25-05-2020,Paid,25-05-2021,Basic,Monthly,,,6.44,254,20
1236-PBHMQ,14-10-2024,Paid,14-10-2025,Premium,Monthly,,,22.32,1109,35
1237-BYPMQ,25-10-2024,Paid,25-10-2025,Premium,Monthly,15-03-2025,Too expensive,16.41,1021,99
1238-RADDN,12-12-2022,Paid,12-12-2023,Premium,Annual,,,20.78,1212,44
1239-BXZAP,13-07-2024,Paid,13-07-2025,Standard,Monthly,,,13.91,608,84
1240-YWDZS,21-03-2019,Refferal,21-03-2020,Premium,Annual,,,21.32,1205,45
1241-LLVKF,12-10-2023,Paid,12-10-2024,Basic,Monthly,,,8.67,338,13
1242-BTNWU,18-11-2024,Organic,18-11-2025,Premium,Monthly,23-12-2024,Poor streaming quality,22.63,915,65
1243-PHJZH,19-08-2024,Refferal,19-08-2025,Basic,Monthly,,,8.03,474,57
1244-BNWGD,12-08-2024,Paid,12-08-2025,Premium,Monthly,,,19.28,875,69
1245-JCDYD,09-11-2019,Organic,09-11-2020,Premium,Monthly,,,21.89,1012,22
1246-UNKSM,02-11-2023,Organic,02-11-2024,Basic,Monthly,,,9.03,778,55
1247-GGVGQ,27-01-2024,Paid,27-01-2025,Basic,Monthly,,,11.65,266,76
1248-GAQBQ,19-11-2024,Organic,19-11-2025,Premium,Monthly,18-05-2025,Poor streaming quality,18.17,937,47
1249-DBUKH,06-07-2023,Paid,06-07-2024,Standard,Monthly,,,15.13,839,42
1250-LGABT,23-03-2021,Organic,23-03-2022,Basic,Monthly,,,6.33,288,35
1251-KTVBF,03-11-2024,Organic,03-11-2025,Standard,Annual,,,11.96,577,16
1252-EPZRH,01-04-2019,Paid,01-04-2020,Standard,Annual,01-02-2020,Not enough content,16.31,1263,29
1253-VZAJJ,24-01-2019,Organic,24-01-2020,Basic,Annual,,,9.08,294,46
1254-DEBHV,11-07-2020,Paid,11-07-2021,Premium,Annual,,,22.53,1319,43
1255-DWVUQ,02-10-2020,Paid,02-10-2021,Basic,Annual,,,13.62,776,42
1256-BAYSQ,14-08-2023,Paid,14-08-2024,Basic,Monthly,,,6.44,854,52
1257-CVHLP,22-11-2022,Organic,22-11-2023,Basic,Monthly,21-08-2023,Poor streaming quality,6.61,562,91
1258-BRGLJ,03-02-2023,Paid,03-02-2024,Premium,Annual,14-06-2023,Not enough content,19.75,908,71
1259-XBQBL,11-04-2021,Organic,11-04-2022,Basic,Annual,,,9.36,549,5
1260-EJXQU,27-08-2023,Organic,27-08-2024,Standard,Monthly,,,13.45,713,54
1261-FYYXX,16-07-2023,Organic,16-07-2024,Premium,Annual,,,21.38,742,23
1262-SKFJF,28-03-2022,Refferal,28-03-2023,Standard,Monthly,,,15.33,1048,68
1263-ALGYP,12-07-2019,Organic,12-07-2020,Standard,Monthly,,,15.82,859,66
1264-UDJNR,12-06-2019,Refferal,12-06-2020,Standard,Monthly,,,10.34,657,65
1265-XLJSS,06-02-2019,Paid,06-02-2020,Basic,Annual,,,8.59,368,15
1266-HZNDJ,11-10-2022,Paid,11-10-2023,Standard,Annual,,,16.31,927,50
1267-LPXHU,06-10-2020,Refferal,06-10-2021,Standard,Monthly,,,14.05,972,56
1268-DFAHD,06-09-2022,Organic,06-09-2023,Standard,Monthly,,,12.85,706,58
1269-YDZPN,02-08-2024,Organic,02-08-2025,Basic,Monthly,,,7.03,623,42
1270-CBRQF,11-08-2020,Organic,11-08-2021,Standard,Monthly,,,12.94,487,84
1271-LKAJH,24-07-2024,Paid,24-07-2025,Premium,Monthly,07-12-2024,Not enough content,20.58,1162,54
1272-ZBZUC,18-05-2022,Organic,18-05-2023,Standard,Annual,,,14.42,463,71
1273-FUDHR,16-05-2019,Paid,16-05-2020,Premium,Monthly,,,21.58,1005,85
1274-RMSCN,09-01-2020,Refferal,09-01-2021,Standard,Annual,06-07-2020,Forgot to cancel trial,16.33,1112,36
1275-UPWVS,17-03-2019,Organic,17-03-2020,Basic,Annual,,,13.05,479,33
1276-NVVPS,23-05-2021,Refferal,23-05-2022,Standard,Annual,,,17.19,858,84
1277-TAVFW,25-08-2019,Organic,25-08-2020,Standard,Monthly,,,13.07,487,49
1278-XBHAC,09-12-2020,Organic,09-12-2021,Premium,Monthly,,,18.97,861,38
1279-PCPAF,19-12-2021,Organic,19-12-2022,Basic,Annual,,,7.91,931,47
1280-NKUHM,13-02-2022,Organic,13-02-2023,Basic,Annual,,,5.99,431,64
1281-GWEBW,13-03-2019,Organic,13-03-2020,Standard,Annual,,,13.88,713,63
1282-ZJQZC,09-09-2022,Organic,09-09-2023,Basic,Monthly,,,8.83,582,53
1283-ATVMA,25-09-2024,Organic,25-09-2025,Standard,Monthly,10-07-2025,Not enough content,14.63,643,99
1284-NAUZX,28-11-2023,Organic,28-11-2024,Premium,Annual,,,19.82,683,39
1285-UPMPN,20-07-2023,Organic,20-07-2024,Standard,Annual,16-06-2024,Switched to competitor,12.59,793,75
1286-VQURK,19-05-2024,Refferal,19-05-2025,Basic,Annual,12-09-2024,Switched to competitor,6.73,595,22
1287-ZKKPV,16-04-2022,Organic,16-04-2023,Standard,Annual,,,12.78,610,62
1288-HPVQY,26-06-2020,Paid,26-06-2021,Basic,Annual,28-04-2021,Not enough content,5.99,749,80
1289-QLUEA,12-04-2023,Paid,12-04-2024,Standard,Monthly,,,12.64,861,50
1290-WXRWG,26-04-2019,Paid,26-04-2020,Premium,Monthly,,,21.73,1410,80
1291-PRBTU,08-03-2024,Refferal,08-03-2025,Basic,Annual,,,7.6,355,23
1292-YGXFC,06-02-2020,Organic,06-02-2021,Basic,Monthly,,,6.38,729,49
1293-SCPMF,08-11-2024,Paid,08-11-2025,Basic,Monthly,,,6.85,585,58
1294-NFLAZ,26-07-2024,Refferal,26-07-2025,Basic,Annual,,,10.6,513,99
1295-WTXVV,25-01-2024,Paid,25-01-2025,Basic,Annual,,,6.91,555,69
1296-RHBDN,27-10-2024,Organic,27-10-2025,Basic,Monthly,15-06-2025,Poor streaming quality,12.05,758,63
1297-FYYRR,12-02-2020,Organic,12-02-2021,Basic,Monthly,,,9.29,803,75
1298-VMFEY,07-11-2024,Organic,07-11-2025,Standard,Monthly,20-04-2025,Too expensive,15.11,1017,80
1299-JSLAD,02-09-2019,Organic,02-09-2020,Basic,Annual,,,11.03,636,56
1300-VTVAN,16-09-2020,Organic,16-09-2021,Premium,Annual,14-07-2021,Poor streaming quality,21.31,563,81
1301-JLXGV,05-04-2019,Organic,05-04-2020,Basic,Monthly,30-12-2019,Poor streaming quality,8.8,468,40
1302-MLZPL,27-09-2024,Paid,27-09-2025,Basic,Annual,,,10.8,785,49
1303-PKBUS,03-01-2020,Organic,03-01-2021,Standard,Annual,,,11,670,65
1304-HBQLY,09-07-2019,Refferal,09-07-2020,Basic,Annual,22-11-2019,Too expensive,12.75,679,34
1305-RYDHV,09-08-2022,Paid,09-08-2023,Standard,Monthly,,,14.54,769,95
1306-LAJMF,05-05-2022,Organic,05-05-2023,Premium,Annual,08-01-2023,Not enough content,21.6,1026,67
1307-YNNKM,02-07-2020,Organic,02-07-2021,Basic,Annual,,,7.01,694,46
1308-QGZWE,04-07-2019,Organic,04-07-2020,Basic,Annual,,,5.99,382,45
1309-THVQS,16-04-2019,Organic,16-04-2020,Standard,Annual,,,16.62,843,12
1310-HMMAD,27-10-2021,Organic,27-10-2022,Premium,Monthly,,,21.82,1082,98
1311-WTQPG,11-10-2022,Paid,11-10-2023,Standard,Monthly,,,12.77,276,99
1312-RLLDT,23-12-2021,Refferal,23-12-2022,Standard,Monthly,,,9.15,446,66
1313-ZDESC,07-04-2021,Organic,07-04-2022,Standard,Annual,27-07-2021,Too expensive,11.74,812,64
1314-ABLQC,20-09-2024,Refferal,20-09-2025,Standard,Annual,,,12.75,823,18
1315-CCQUY,24-08-2023,Organic,24-08-2024,Premium,Monthly,,,22.42,1051,59
1316-ZUAWM,14-09-2020,Organic,14-09-2021,Premium,Monthly,,,18.64,957,26
1317-NSYLU,05-11-2024,Paid,05-11-2025,Premium,Monthly,,,20.89,984,70
1318-HKSPH,18-04-2024,Organic,18-04-2025,Standard,Annual,,,14.76,1141,19
1319-UXCNK,01-03-2024,Paid,01-03-2025,Basic,Annual,02-09-2024,Poor streaming quality,7.81,710,70
1320-CUYLP,10-05-2021,Paid,10-05-2022,Standard,Annual,19-12-2021,Forgot to cancel trial,14.99,937,64
1321-CTVBB,16-10-2021,Paid,16-10-2022,Standard,Annual,,,15.4,904,81
1322-DNMLZ,04-07-2023,Organic,04-07-2024,Basic,Monthly,09-02-2024,Not enough content,9.55,986,47
1323-MUDQB,16-07-2019,Refferal,16-07-2020,Standard,Monthly,,,12.5,658,97
1324-QUNML,11-07-2020,Refferal,11-07-2021,Standard,Annual,,,10.84,550,50
1325-SPVSP,01-09-2022,Organic,01-09-2023,Basic,Annual,14-01-2023,Too expensive,9.84,612,26
1326-PCNHQ,04-02-2021,Organic,04-02-2022,Premium,Monthly,20-04-2021,Too expensive,16.83,271,51
1327-EQHAB,25-04-2020,Paid,25-04-2021,Standard,Monthly,,,10.51,898,76
1328-HPBAR,15-07-2023,Organic,15-07-2024,Basic,Annual,,,8.93,525,19
1329-UNLXL,09-10-2021,Organic,09-10-2022,Premium,Monthly,,,20.98,1254,35
1330-BTPHK,21-06-2024,Organic,21-06-2025,Basic,Annual,,,9.92,746,36
1331-MQASR,26-02-2023,Paid,26-02-2024,Premium,Annual,,,21.45,1102,10
1332-CZKQK,12-12-2024,Paid,12-12-2025,Basic,Annual,,,6.49,390,21
1333-ZAMSQ,07-09-2020,Paid,07-09-2021,Standard,Monthly,,,17.94,501,73
1334-TGWAZ,04-05-2022,Organic,04-05-2023,Standard,Monthly,,,15.25,1100,88
1335-GLLAE,10-06-2020,Organic,10-06-2021,Basic,Annual,,,8.12,553,27
1336-YWFMZ,19-08-2024,Refferal,19-08-2025,Basic,Annual,,,8.86,784,62
1337-UBVBQ,25-10-2019,Paid,25-10-2020,Standard,Annual,,,16.3,1003,38
1338-LQCRS,21-03-2023,Paid,21-03-2024,Standard,Monthly,,,14.42,473,99
1339-ZUHXU,17-04-2019,Organic,17-04-2020,Premium,Monthly,27-08-2019,Too expensive,24.81,1139,66
1340-SSZQH,21-01-2020,Paid,21-01-2021,Basic,Monthly,07-08-2020,Poor streaming quality,6.93,523,45
1341-FGEWF,10-04-2021,Organic,10-04-2022,Standard,Monthly,03-02-2022,Forgot to cancel trial,15.14,923,42
1342-BDYVE,08-06-2020,Refferal,08-06-2021,Basic,Annual,,,12.7,938,81
1343-FBMRB,16-08-2024,Refferal,16-08-2025,Basic,Monthly,,,8.07,540,52
1344-EWKHX,08-06-2023,Paid,08-06-2024,Standard,Monthly,,,11.74,340,53
1345-VHKEF,04-02-2020,Organic,04-02-2021,Basic,Monthly,20-08-2020,Not enough content,8.87,427,64
1346-SGSZZ,17-11-2022,Refferal,17-11-2023,Premium,Annual,,,24.45,934,25
1347-FQPMV,01-09-2022,Organic,01-09-2023,Standard,Monthly,,,14.48,825,80
1348-WJLSK,03-07-2020,Organic,03-07-2021,Standard,Monthly,,,12.98,664,80
1349-CCPAS,03-09-2024,Organic,03-09-2025,Standard,Monthly,01-05-2025,Poor streaming quality,13.61,686,76
1350-DELTM,20-07-2019,Refferal,20-07-2020,Premium,Monthly,,,17.52,1053,95
1351-TGXLS,06-11-2022,Paid,06-11-2023,Standard,Monthly,24-02-2023,Not enough content,12.61,912,68
1352-RBTXX,06-08-2022,Organic,06-08-2023,Basic,Monthly,29-04-2023,Poor streaming quality,8.56,396,37
1353-EAGTD,27-05-2022,Paid,27-05-2023,Basic,Annual,28-08-2022,Forgot to cancel trial,7.93,693,71
1354-NLBRN,12-04-2020,Organic,12-04-2021,Premium,Monthly,19-05-2020,Not enough content,20.17,586,79
1355-BZCWR,14-07-2023,Organic,14-07-2024,Basic,Monthly,,,10.52,519,9
1356-KMBVR,26-09-2024,Organic,26-09-2025,Premium,Annual,,,18.53,1120,24
1357-SSZSH,23-10-2023,Paid,23-10-2024,Premium,Monthly,,,19.96,776,72
1358-UQBJH,11-05-2020,Paid,11-05-2021,Standard,Annual,,,15.04,587,52
1359-AWHFN,03-08-2019,Refferal,03-08-2020,Premium,Monthly,,,23.18,455,50
1360-PVENL,15-10-2021,Refferal,15-10-2022,Premium,Monthly,17-05-2022,Poor streaming quality,20.05,981,96
1361-LQLDY,06-12-2023,Organic,06-12-2024,Basic,Monthly,,,7.22,482,41
1362-DMDEA,19-11-2021,Refferal,19-11-2022,Basic,Annual,04-10-2022,Too expensive,12.56,639,50
1363-GXTNM,23-11-2021,Paid,23-11-2022,Standard,Annual,13-08-2022,Too expensive,16.26,621,56
1364-YWAUR,10-12-2021,Refferal,10-12-2022,Standard,Monthly,,,13.56,795,54
1365-YWCPV,03-02-2019,Organic,03-02-2020,Premium,Monthly,11-10-2019,Too expensive,22.59,890,63
1366-PFETV,03-05-2019,Organic,03-05-2020,Standard,Monthly,,,13.81,345,57
1367-CBUAP,20-06-2022,Refferal,20-06-2023,Standard,Monthly,,,16.01,1112,63
1368-RKBJH,23-05-2023,Organic,23-05-2024,Premium,Monthly,,,14.62,876,99
1369-RARYH,26-10-2024,Refferal,26-10-2025,Basic,Monthly,,,10.43,876,26
1370-XTHED,16-02-2022,Organic,16-02-2023,Standard,Monthly,,,11.67,1051,41
1371-LTDYX,11-12-2019,Paid,11-12-2020,Premium,Annual,,,20.57,1163,62
1372-TTKRP,07-10-2024,Organic,07-10-2025,Standard,Monthly,,,15.08,1024,59
1373-ABNWZ,18-01-2022,Paid,18-01-2023,Premium,Monthly,09-06-2022,Poor streaming quality,26.28,1266,63
1374-HNSGW,23-04-2024,Paid,23-04-2025,Standard,Annual,,,16.3,1114,76
1375-VXDAK,23-04-2024,Organic,23-04-2025,Premium,Monthly,,,22.4,1320,35
1376-WTLDD,04-10-2024,Organic,04-10-2025,Standard,Annual,,,11.47,483,54
1377-YCZEB,13-04-2019,Refferal,13-04-2020,Standard,Annual,,,13.85,722,55
1378-VRUWR,19-10-2019,Paid,19-10-2020,Premium,Monthly,16-09-2020,Too expensive,21.92,963,99
1379-SHDHT,27-09-2019,Paid,27-09-2020,Standard,Annual,10-02-2020,Switched to competitor,13.45,789,73
1380-EPVCD,06-09-2021,Organic,06-09-2022,Standard,Annual,28-06-2022,Not enough content,11.29,819,61
1381-PSNZJ,20-03-2020,Organic,20-03-2021,Standard,Annual,,,13.34,642,79
1382-GRDLY,21-11-2023,Organic,21-11-2024,Premium,Annual,30-07-2024,Poor streaming quality,21.27,638,50
1383-BCCPB,08-07-2019,Refferal,08-07-2020,Standard,Monthly,10-01-2020,Forgot to cancel trial,11.58,1046,22
1384-NSWPQ,09-03-2023,Organic,09-03-2024,Basic,Monthly,18-10-2023,Forgot to cancel trial,6.13,140,27
1385-LJMGY,08-12-2019,Organic,08-12-2020,Premium,Monthly,,,19.58,1215,31
1386-WZLNT,23-01-2024,Organic,23-01-2025,Standard,Monthly,,,16.21,1270,40
1387-ZYSBL,16-07-2019,Organic,16-07-2020,Standard,Monthly,,,16.15,213,48
1388-UCHHF,20-01-2021,Organic,20-01-2022,Standard,Monthly,,,19.03,702,24
1389-ALENX,10-06-2022,Paid,10-06-2023,Standard,Annual,19-02-2023,Poor streaming quality,16.24,872,99
1390-LJWEE,16-07-2019,Paid,16-07-2020,Standard,Annual,,,15.23,1031,64
1391-NYWKC,24-10-2022,Organic,24-10-2023,Basic,Monthly,30-06-2023,Too expensive,9.66,643,56
1392-EGCGS,21-11-2023,Organic,21-11-2024,Basic,Monthly,,,7.85,412,32
1393-AEWKN,12-05-2019,Organic,12-05-2020,Basic,Monthly,,,5.99,220,47
1394-XCEYJ,24-06-2024,Organic,24-06-2025,Premium,Monthly,,,18.56,946,66
1395-XDTCQ,25-08-2024,Organic,25-08-2025,Basic,Annual,,,10.01,437,5
1396-XWXZX,09-10-2020,Organic,09-10-2021,Standard,Monthly,,,16.06,883,33
1397-TKSWZ,01-03-2020,Paid,01-03-2021,Basic,Monthly,,,9.2,675,30
1398-SNHFS,28-05-2020,Organic,28-05-2021,Premium,Annual,,,18.06,918,40
1399-YXGDX,22-09-2019,Paid,22-09-2020,Premium,Annual,04-05-2020,Not enough content,17.49,1015,67
1400-PVFGP,06-08-2020,Paid,06-08-2021,Premium,Monthly,,,22.21,999,70
1401-HXVSE,20-01-2024,Organic,20-01-2025,Basic,Monthly,12-03-2024,Too expensive,8.27,508,40
1402-PVWCD,04-09-2024,Paid,04-09-2025,Basic,Monthly,04-05-2025,Too expensive,9.19,445,54
1403-FKJGY,04-06-2023,Organic,04-06-2024,Standard,Annual,19-09-2023,Too expensive,12.45,394,32
1404-ELXSQ,25-03-2019,Organic,25-03-2020,Standard,Monthly,,,17.84,863,27
1405-BPZGC,11-11-2023,Refferal,11-11-2024,Basic,Annual,,,6.41,449,62
1406-MNFCT,02-02-2020,Refferal,02-02-2021,Premium,Monthly,,,23.74,806,46
1407-WPYLF,12-07-2024,Paid,12-07-2025,Basic,Monthly,11-06-2025,Too expensive,6.15,184,99
1408-BBPVD,23-11-2022,Organic,23-11-2023,Basic,Monthly,,,8.67,662,64
1409-DKLYL,07-12-2020,Organic,07-12-2021,Standard,Monthly,,,13.58,909,53
1410-BSMRK,12-02-2019,Organic,12-02-2020,Standard,Annual,16-12-2019,Switched to competitor,13.67,930,70
1411-UHPRA,10-02-2021,Organic,10-02-2022,Basic,Monthly,,,6.76,425,18
1412-TZSCK,05-03-2021,Paid,05-03-2022,Standard,Monthly,,,19.67,1027,40
1413-SDTZN,13-11-2024,Paid,13-11-2025,Basic,Annual,,,11.68,776,32
1414-CAUHW,12-06-2023,Paid,12-06-2024,Basic,Monthly,10-03-2024,Not enough content,11.57,702,44
1415-YYZMJ,14-11-2019,Refferal,14-11-2020,Standard,Monthly,,,12.71,610,32
1416-TFVAW,15-08-2021,Organic,15-08-2022,Standard,Annual,08-11-2021,Poor streaming quality,11.3,591,48
1417-FTCLP,16-07-2021,Organic,16-07-2022,Basic,Monthly,,,8.5,595,14
1418-EDGBW,06-05-2021,Paid,06-05-2022,Basic,Annual,,,9.82,746,2
1419-LXPVP,16-03-2022,Refferal,16-03-2023,Premium,Monthly,,,23.69,1326,34
1420-ATESU,10-05-2019,Paid,10-05-2020,Standard,Annual,,,14.91,718,34
1421-JPNUC,28-05-2022,Paid,28-05-2023,Standard,Annual,,,15.22,1054,52
1422-CCWCA,28-05-2024,Organic,28-05-2025,Standard,Monthly,,,11.96,295,59
1423-CZXKV,08-11-2022,Organic,08-11-2023,Basic,Annual,17-06-2023,Forgot to cancel trial,7.75,475,21
1424-JZZFZ,17-06-2022,Paid,17-06-2023,Basic,Monthly,15-09-2022,Forgot to cancel trial,10.71,822,78
1425-RGPYE,24-12-2019,Paid,24-12-2020,Basic,Monthly,,,5.99,651,45
1426-HNFUU,04-10-2022,Refferal,04-10-2023,Basic,Monthly,14-07-2023,Not enough content,8.3,723,99
1427-BSKHX,16-06-2021,Organic,16-06-2022,Premium,Annual,,,21.41,809,46
1428-QNNUF,16-05-2021,Paid,16-05-2022,Basic,Monthly,,,7.65,694,69
1429-LYYGE,20-07-2022,Paid,20-07-2023,Standard,Annual,,,12.26,311,20
1430-JRBEA,26-07-2021,Organic,26-07-2022,Basic,Monthly,,,9.11,89,24
1431-ASTFP,09-09-2019,Paid,09-09-2020,Standard,Annual,,,14.84,777,99
1432-SLVEB,19-06-2023,Organic,19-06-2024,Standard,Monthly,,,15.83,926,57
1433-XGWKX,13-06-2021,Paid,13-06-2022,Basic,Annual,12-12-2021,Poor streaming quality,10.01,646,38
1434-XWYCF,24-04-2019,Refferal,24-04-2020,Premium,Monthly,,,21.7,1412,46
1435-GUCYB,11-03-2019,Refferal,11-03-2020,Premium,Annual,,,20.61,961,36
1436-CNPRZ,24-11-2024,Organic,24-11-2025,Premium,Annual,,,19.01,705,54
1437-MKMJV,28-08-2022,Organic,28-08-2023,Standard,Monthly,01-05-2023,Too expensive,16.38,878,66
1438-PCMCC,18-02-2021,Organic,18-02-2022,Basic,Monthly,,,9.79,696,81
1439-YEEEG,19-01-2019,Organic,19-01-2020,Basic,Monthly,,,8.01,377,19
1440-KCTXG,17-03-2019,Paid,17-03-2020,Premium,Annual,,,20.32,991,42
1441-SDHLZ,01-10-2022,Organic,01-10-2023,Standard,Monthly,,,14.11,739,68
1442-WNEDC,27-01-2022,Refferal,27-01-2023,Standard,Annual,,,15.06,557,49
1443-QCSTA,24-04-2021,Organic,24-04-2022,Basic,Annual,11-10-2021,Forgot to cancel trial,5.99,334,38
1444-YNGSX,14-02-2023,Paid,14-02-2024,Premium,Monthly,11-05-2023,Switched to competitor,22.31,1188,99
1445-MDZQR,02-02-2023,Organic,02-02-2024,Standard,Monthly,,,13.52,550,90
1446-EQBFM,06-05-2023,Organic,06-05-2024,Standard,Annual,,,13.25,716,33
1447-DPHCP,23-11-2023,Organic,23-11-2024,Standard,Monthly,,,13.14,708,59
1448-AUCDX,13-03-2022,Paid,13-03-2023,Standard,Monthly,,,14,1077,69
1449-GZCQV,18-03-2023,Organic,18-03-2024,Standard,Monthly,,,16.08,493,21
1450-HZAMS,27-01-2022,Refferal,27-01-2023,Standard,Monthly,,,16.05,733,24
1451-FWGQL,10-08-2022,Paid,10-08-2023,Basic,Monthly,,,5.99,537,11
1452-VMVDG,15-03-2021,Organic,15-03-2022,Premium,Monthly,26-12-2021,Forgot to cancel trial,22.66,317,48
1453-NNEDR,13-08-2024,Organic,13-08-2025,Premium,Annual,,,19.79,632,63
1454-GSQPQ,25-04-2021,Organic,25-04-2022,Premium,Annual,,,21.39,837,53
1455-ULBQC,19-11-2020,Paid,19-11-2021,Standard,Monthly,,,14.25,826,36
1456-LNUCA,24-11-2020,Paid,24-11-2021,Premium,Annual,09-04-2021,Forgot to cancel trial,20.64,954,56
1457-JXWVL,20-01-2020,Refferal,20-01-2021,Standard,Monthly,,,13.01,787,35
1458-JWDGN,09-08-2023,Organic,09-08-2024,Standard,Monthly,08-10-2023,Too expensive,17.76,385,24
1459-HUXBM,24-05-2020,Paid,24-05-2021,Basic,Monthly,,,11.23,493,48
1460-WZABU,23-07-2022,Paid,23-07-2023,Basic,Annual,21-10-2022,Forgot to cancel trial,10.28,1086,31
1461-ELBFQ,05-01-2019,Organic,05-01-2020,Standard,Monthly,,,15.48,1334,44
1462-DKRRB,17-04-2024,Paid,17-04-2025,Premium,Monthly,10-11-2024,Poor streaming quality,19.66,1065,82
1463-GEDZF,27-08-2019,Organic,27-08-2020,Basic,Monthly,,,10.85,496,85
1464-QMWKB,25-10-2019,Refferal,25-10-2020,Premium,Annual,,,19.33,811,64
1465-JVLLT,15-07-2020,Organic,15-07-2021,Standard,Annual,01-01-2021,Switched to competitor,18.42,1062,51
1466-HPAGG,01-08-2022,Refferal,01-08-2023,Standard,Monthly,,,14.4,706,25
1467-BYGQH,05-03-2024,Organic,05-03-2025,Premium,Annual,,,23.63,597,38
1468-LHPFY,17-02-2019,Organic,17-02-2020,Standard,Monthly,25-09-2019,Poor streaming quality,15.17,689,83
1469-GAQJZ,19-03-2021,Paid,19-03-2022,Basic,Annual,,,10.18,435,27
1470-PJFVA,04-12-2023,Organic,04-12-2024,Premium,Monthly,,,24.29,1001,54
1471-GWHFF,18-06-2019,Paid,18-06-2020,Standard,Annual,,,16.91,863,63
1472-PVDNU,17-07-2022,Paid,17-07-2023,Premium,Monthly,,,25.75,1548,50
1473-ACGPY,13-09-2023,Organic,13-09-2024,Premium,Monthly,,,21.12,1343,68
1474-XXQQZ,05-12-2022,Paid,05-12-2023,Standard,Annual,,,15.11,951,63
1475-AQSLH,17-10-2019,Refferal,17-10-2020,Premium,Monthly,,,20.19,610,42
1476-EDVTZ,16-05-2021,Organic,16-05-2022,Standard,Annual,,,9.66,533,95
1477-YRDEW,07-06-2019,Organic,07-06-2020,Basic,Annual,,,7.5,496,35
1478-YTYCX,24-04-2024,Organic,24-04-2025,Basic,Monthly,,,9.78,558,69
1479-BSXAC,28-07-2023,Organic,28-07-2024,Premium,Annual,30-11-2023,Poor streaming quality,20.62,739,60
1480-FELGK,13-11-2022,Organic,13-11-2023,Standard,Monthly,09-05-2023,Poor streaming quality,17.53,1205,67
1481-RCMHC,17-05-2021,Organic,17-05-2022,Basic,Annual,,,9.45,566,68
1482-KVLGB,25-04-2023,Paid,25-04-2024,Standard,Annual,,,11.14,552,60
1483-FNZWK,25-01-2019,Organic,25-01-2020,Premium,Monthly,,,19.83,914,75
1484-FUFGC,24-01-2019,Organic,24-01-2020,Premium,Annual,,,21.04,1422,61
1485-QHHNA,08-02-2022,Paid,08-02-2023,Premium,Monthly,,,21.52,1069,99
1486-AMKJP,04-10-2022,Paid,04-10-2023,Standard,Monthly,,,10.12,549,76
1487-TPFUG,07-12-2021,Paid,07-12-2022,Premium,Annual,06-05-2022,Not enough content,23.83,962,72
1488-PTTYL,02-02-2022,Paid,02-02-2023,Premium,Monthly,,,18.3,498,60
1489-LACZT,07-11-2023,Organic,07-11-2024,Premium,Annual,,,19.71,1175,67
1490-HTZYD,07-04-2024,Organic,07-04-2025,Standard,Monthly,01-01-2025,Forgot to cancel trial,14.86,673,28
1491-PFRYG,05-10-2019,Organic,05-10-2020,Basic,Monthly,,,10.62,476,35
1492-RKPWQ,28-08-2020,Refferal,28-08-2021,Basic,Monthly,10-05-2021,Poor streaming quality,8.02,697,31
1493-NCPKK,23-05-2024,Organic,23-05-2025,Basic,Monthly,,,7.72,314,59
1494-XREWW,17-06-2022,Organic,17-06-2023,Basic,Annual,,,7.03,531,58
1495-AGRRK,24-08-2020,Paid,24-08-2021,Premium,Annual,07-10-2020,Forgot to cancel trial,24.79,1377,47
1496-CPZEQ,14-07-2024,Organic,14-07-2025,Premium,Annual,,,23.04,675,21
1497-CLGEN,03-02-2019,Organic,03-02-2020,Basic,Monthly,,,5.99,294,79
1498-YHSYW,09-04-2020,Organic,09-04-2021,Premium,Monthly,,,26.62,944,49
1499-PJRLR,26-11-2021,Organic,26-11-2022,Standard,Monthly,,,17.38,1219,99
1500-GNFFG,22-07-2023,Paid,22-07-2024,Standard,Monthly,,,16.65,1091,82
1501-XHMEA,20-06-2024,Organic,20-06-2025,Basic,Annual,,,9.7,554,29
1502-XNLUY,05-03-2023,Organic,05-03-2024,Standard,Annual,15-06-2023,Not enough content,13.98,621,44
1503-HEWLT,22-09-2022,Organic,22-09-2023,Standard,Monthly,16-06-2023,Too expensive,15.52,904,77
1504-VTLKB,25-10-2023,Organic,25-10-2024,Standard,Monthly,,,17.24,547,29
1505-CKEDH,12-02-2022,Refferal,12-02-2023,Standard,Monthly,,,12.41,476,13
1506-PKLMZ,11-12-2022,Organic,11-12-2023,Premium,Annual,15-08-2023,Forgot to cancel trial,20.72,1197,88
1507-BAYSG,22-10-2019,Paid,22-10-2020,Standard,Monthly,,,11.74,704,99
1508-HLLHA,05-02-2023,Organic,05-02-2024,Standard,Annual,,,15.27,802,42
1509-FVWTN,03-12-2023,Organic,03-12-2024,Basic,Annual,,,7.17,786,67
1510-TTBXZ,16-10-2021,Organic,16-10-2022,Basic,Annual,,,11.39,333,30
1511-BKEGA,01-04-2020,Paid,01-04-2021,Standard,Monthly,,,14.3,834,18
1512-LQNMP,09-07-2024,Paid,09-07-2025,Standard,Annual,14-04-2025,Forgot to cancel trial,13.67,622,40
1513-QEJLZ,04-02-2023,Organic,04-02-2024,Standard,Monthly,26-05-2023,Poor streaming quality,15.12,566,43
1514-FXGUR,06-08-2021,Organic,06-08-2022,Premium,Monthly,,,14.67,986,61
1515-EXKRZ,24-10-2023,Paid,24-10-2024,Standard,Monthly,08-10-2024,Poor streaming quality,17.64,818,48
1516-AQUKN,01-02-2021,Organic,01-02-2022,Basic,Monthly,,,9.02,757,27
1517-ZNCQH,26-02-2022,Paid,26-02-2023,Standard,Monthly,01-02-2023,Forgot to cancel trial,15.68,853,87
1518-VBVVT,28-03-2019,Paid,28-03-2020,Basic,Annual,22-07-2019,Not enough content,7.54,358,24
1519-XVFCR,11-08-2024,Paid,11-08-2025,Premium,Annual,,,20.49,1240,65
1520-GFJJG,10-10-2020,Organic,10-10-2021,Premium,Monthly,,,19.22,876,96
1521-MXZRQ,01-07-2022,Organic,01-07-2023,Standard,Monthly,15-10-2022,Not enough content,13.94,327,38
1522-CEMPR,03-09-2021,Refferal,03-09-2022,Basic,Annual,,,9.93,422,58
1523-LNFVE,07-12-2019,Refferal,07-12-2020,Standard,Annual,09-06-2020,Switched to competitor,14.14,319,59
1524-UMCXB,10-08-2023,Refferal,10-08-2024,Standard,Annual,22-04-2024,Too expensive,12.83,493,66
1525-UZGKG,22-05-2021,Organic,22-05-2022,Standard,Monthly,,,14.64,1019,24
1526-HZMDB,07-04-2019,Paid,07-04-2020,Basic,Monthly,,,7.91,791,15
1527-FSHEK,16-05-2020,Organic,16-05-2021,Premium,Annual,,,19.37,1049,35
1528-HHPUA,07-12-2019,Organic,07-12-2020,Basic,Annual,,,10.52,570,18
1529-HPEFN,23-07-2024,Organic,23-07-2025,Premium,Annual,,,21.93,1046,69
1530-YCDTH,19-06-2020,Paid,19-06-2021,Standard,Annual,,,13.18,786,31
1531-UWSTY,07-06-2021,Organic,07-06-2022,Standard,Annual,,,11.63,561,2
1532-KKMBN,11-10-2021,Paid,11-10-2022,Standard,Annual,,,15.98,732,2
1533-VWCYQ,21-03-2019,Paid,21-03-2020,Standard,Monthly,,,15.35,971,99
1534-KHQKA,07-11-2024,Organic,07-11-2025,Premium,Monthly,,,19.39,1343,57
1535-UEEAQ,06-05-2020,Refferal,06-05-2021,Standard,Monthly,03-12-2020,Switched to competitor,12.57,453,37
1536-LWKLT,17-03-2019,Organic,17-03-2020,Premium,Annual,,,18.89,944,56
1537-QTHEZ,12-02-2022,Organic,12-02-2023,Standard,Monthly,,,14.7,756,50
1538-SRVXA,16-12-2020,Paid,16-12-2021,Premium,Monthly,,,17.55,897,85
1539-KDEYZ,12-11-2022,Organic,12-11-2023,Premium,Monthly,,,20.59,867,99
1540-AWXBK,14-08-2022,Organic,14-08-2023,Premium,Monthly,,,19.34,1166,52
1541-MXDRJ,03-11-2020,Organic,03-11-2021,Standard,Annual,,,14.24,786,14
1542-THTMQ,26-01-2024,Organic,26-01-2025,Basic,Monthly,25-06-2024,Too expensive,6.52,670,93
1543-LFQPC,22-02-2024,Organic,22-02-2025,Premium,Annual,,,20.01,868,83
1544-CTDJL,12-12-2024,Paid,12-12-2025,Standard,Annual,,,15.87,408,62
1545-NSZED,10-07-2019,Organic,10-07-2020,Standard,Monthly,,,12.57,550,79
1546-HBTSF,14-11-2020,Refferal,14-11-2021,Standard,Monthly,04-05-2021,Too expensive,13.1,924,34
1547-RNNUQ,11-12-2019,Organic,11-12-2020,Premium,Annual,,,25.53,883,29
1548-LETWM,27-08-2024,Organic,27-08-2025,Standard,Monthly,16-02-2025,Not enough content,17.1,1102,54
1549-HSGJA,27-10-2023,Refferal,27-10-2024,Standard,Annual,,,11.65,456,57
1550-WRCCZ,28-10-2022,Paid,28-10-2023,Standard,Annual,,,16.16,1386,78
1551-APAYC,26-08-2021,Refferal,26-08-2022,Basic,Monthly,16-12-2021,Too expensive,9.27,629,57
1552-RTUUE,03-12-2019,Paid,03-12-2020,Standard,Monthly,15-07-2020,Too expensive,13.21,550,66
1553-JVXUZ,23-10-2022,Paid,23-10-2023,Basic,Monthly,,,8.36,411,83
1554-DJJDK,22-03-2023,Organic,22-03-2024,Premium,Monthly,,,23.5,786,92
1555-LVDHZ,23-05-2024,Paid,23-05-2025,Premium,Monthly,,,16.32,957,51
1556-FNBSH,08-10-2019,Paid,08-10-2020,Standard,Annual,,,13.94,830,28
1557-PBQML,09-12-2019,Paid,09-12-2020,Standard,Annual,,,15.84,728,63
1558-YZFLN,23-01-2023,Paid,23-01-2024,Premium,Annual,26-03-2023,Forgot to cancel trial,20.18,687,47
1559-AYTHC,10-02-2020,Refferal,10-02-2021,Standard,Annual,,,17.54,879,40
1560-FZRJU,01-09-2019,Organic,01-09-2020,Basic,Monthly,,,11.34,584,72
1561-YEQEF,17-03-2024,Organic,17-03-2025,Basic,Annual,16-01-2025,Switched to competitor,8.88,486,41
1562-GJENX,18-11-2019,Organic,18-11-2020,Basic,Monthly,,,8.7,772,22
1563-ABZMW,07-11-2023,Paid,07-11-2024,Basic,Monthly,22-10-2024,Poor streaming quality,6.97,540,57
1564-MMHMK,24-10-2021,Paid,24-10-2022,Premium,Monthly,,,20.42,848,78
1565-VSLNW,16-04-2024,Organic,16-04-2025,Basic,Annual,,,9.91,533,11
1566-YAFVV,09-11-2023,Paid,09-11-2024,Premium,Monthly,,,25.26,1031,41
1567-XTGSK,25-12-2019,Organic,25-12-2020,Standard,Annual,,,15.12,642,52
1568-MEHYG,18-02-2020,Paid,18-02-2021,Premium,Monthly,19-11-2020,Switched to competitor,22.07,905,79
1569-LJTLU,15-06-2020,Organic,15-06-2021,Basic,Annual,11-12-2020,Forgot to cancel trial,8.89,571,36
1570-BFNPD,12-06-2024,Paid,12-06-2025,Basic,Annual,13-07-2024,Forgot to cancel trial,12.17,328,41
1571-PWUAP,22-04-2024,Refferal,22-04-2025,Standard,Monthly,,,16.43,392,53
1572-LXFGT,14-08-2019,Organic,14-08-2020,Standard,Monthly,,,15.85,921,43
1573-YLLTL,23-04-2020,Refferal,23-04-2021,Basic,Monthly,,,8.72,720,54
1574-PUKRF,11-04-2020,Organic,11-04-2021,Standard,Monthly,,,13.03,519,67
1575-SKSGT,25-03-2024,Refferal,25-03-2025,Premium,Monthly,,,22.62,970,76
1576-SUCAW,20-06-2019,Refferal,20-06-2020,Premium,Annual,,,23.38,1290,41
1577-CPXDK,25-02-2022,Organic,25-02-2023,Basic,Annual,,,8.8,594,84
1578-ZJLPL,10-10-2020,Organic,10-10-2021,Standard,Annual,,,13.22,825,47
1579-RHVUJ,16-01-2023,Paid,16-01-2024,Basic,Monthly,,,9.75,334,15
1580-JGZRR,13-08-2020,Organic,13-08-2021,Standard,Annual,,,11.64,911,69
1581-ZLSDJ,01-02-2023,Organic,01-02-2024,Premium,Annual,10-09-2023,Switched to competitor,20.76,720,50
1582-UWAAV,05-12-2019,Organic,05-12-2020,Basic,Annual,19-02-2020,Switched to competitor,10.55,638,20
1583-FTKRE,01-09-2020,Organic,01-09-2021,Basic,Annual,,,10.14,661,53
1584-CUEWU,27-05-2022,Organic,27-05-2023,Basic,Monthly,,,10.19,784,2
1585-DBMXB,20-11-2024,Organic,20-11-2025,Standard,Monthly,,,12.55,750,13
1586-MMUHZ,15-07-2021,Organic,15-07-2022,Premium,Monthly,,,24.01,1109,58
1587-WUKWD,16-07-2019,Organic,16-07-2020,Basic,Monthly,17-01-2020,Forgot to cancel trial,11.54,864,80
1588-ZBZBH,21-05-2019,Paid,21-05-2020,Basic,Annual,,,9.62,191,46
1589-GTVWJ,16-11-2021,Paid,16-11-2022,Premium,Monthly,,,20.45,1117,45
1590-HRZFQ,11-10-2020,Paid,11-10-2021,Basic,Monthly,,,7.6,732,55
1591-LUUGD,16-06-2021,Paid,16-06-2022,Premium,Annual,,,21.09,913,95
1592-QCTTE,10-03-2020,Paid,10-03-2021,Basic,Annual,03-12-2020,Too expensive,8.42,302,27
1593-DLHYL,18-06-2019,Refferal,18-06-2020,Standard,Monthly,,,12.64,422,55
1594-HEQUR,05-03-2019,Paid,05-03-2020,Basic,Monthly,05-10-2019,Not enough content,6.47,448,20
1595-UMPNR,02-04-2020,Organic,02-04-2021,Standard,Monthly,,,10.68,547,73
1596-HKRKN,19-04-2020,Organic,19-04-2021,Standard,Monthly,,,10.78,491,48
1597-KDARQ,09-06-2020,Organic,09-06-2021,Standard,Annual,,,14.69,609,78
1598-UECKC,21-01-2022,Refferal,21-01-2023,Standard,Monthly,08-11-2022,Switched to competitor,14.24,767,52
1599-HZQDM,10-01-2021,Refferal,10-01-2022,Standard,Annual,16-08-2021,Too expensive,14.46,740,30
1600-TJGRH,01-03-2022,Organic,01-03-2023,Basic,Annual,,,6.24,528,66
1601-APBSF,02-10-2019,Refferal,02-10-2020,Standard,Annual,,,18.17,837,46
1602-GSZES,03-06-2021,Organic,03-06-2022,Standard,Monthly,09-01-2022,Forgot to cancel trial,10.66,348,14
1603-RKPJZ,09-10-2019,Organic,09-10-2020,Premium,Monthly,,,21.58,827,73
1604-DBNWR,17-02-2022,Paid,17-02-2023,Standard,Monthly,25-12-2022,Too expensive,15.96,920,47
1605-UMHWJ,21-11-2020,Refferal,21-11-2021,Standard,Annual,21-12-2020,Forgot to cancel trial,17.54,936,68
1606-XSHUH,27-03-2020,Organic,27-03-2021,Premium,Monthly,,,19.03,697,12
1607-KSHKF,11-08-2019,Organic,11-08-2020,Standard,Monthly,,,13.53,785,33
1608-LQXYS,24-04-2019,Organic,24-04-2020,Premium,Annual,,,21.16,715,48
1609-MHPSL,06-09-2019,Organic,06-09-2020,Standard,Annual,,,14.36,601,58
1610-WAQLS,08-03-2021,Refferal,08-03-2022,Basic,Annual,,,11.09,618,39
1611-XCDTY,02-08-2022,Organic,02-08-2023,Basic,Monthly,13-01-2023,Not enough content,9.55,751,55
1612-FYDAC,19-03-2024,Organic,19-03-2025,Standard,Monthly,25-06-2024,Poor streaming quality,14.62,589,41
1613-YWVEM,28-03-2024,Organic,28-03-2025,Standard,Annual,,,11.47,806,50
1614-FUWJF,24-11-2020,Paid,24-11-2021,Premium,Monthly,,,20.53,730,62
1615-QUXRU,18-02-2022,Organic,18-02-2023,Basic,Annual,,,6.78,506,44
1616-MVYHN,23-02-2021,Paid,23-02-2022,Standard,Monthly,,,11.73,409,88
1617-GGNHX,20-05-2021,Paid,20-05-2022,Standard,Annual,,,16.12,493,60
1618-HSJPH,27-11-2023,Paid,27-11-2024,Basic,Annual,,,11.9,784,17
1619-YMJGB,19-09-2022,Organic,19-09-2023,Premium,Monthly,25-05-2023,Poor streaming quality,23.19,1313,46
1620-KCEJV,22-12-2019,Paid,22-12-2020,Standard,Monthly,18-03-2020,Not enough content,13.44,942,65
1621-GFFQU,19-02-2020,Organic,19-02-2021,Standard,Annual,,,13.69,687,66
1622-FMDEF,04-04-2020,Organic,04-04-2021,Premium,Monthly,16-11-2020,Forgot to cancel trial,17.14,644,91
1623-NKLED,13-06-2021,Refferal,13-06-2022,Basic,Annual,,,10.26,528,67
1624-SPRBT,14-02-2022,Organic,14-02-2023,Basic,Monthly,,,7.09,469,24
1625-WRQVW,17-02-2021,Organic,17-02-2022,Premium,Monthly,,,20.31,1010,79
1626-FHNFC,26-01-2020,Organic,26-01-2021,Premium,Annual,,,24.06,817,41
1627-NUPJE,02-09-2023,Organic,02-09-2024,Standard,Monthly,,,10.29,703,37
1628-JUMLT,26-09-2022,Paid,26-09-2023,Standard,Annual,,,17.54,924,22
1629-RNUPW,20-02-2020,Organic,20-02-2021,Premium,Annual,,,20.93,708,60
1630-AMUFU,08-01-2020,Organic,08-01-2021,Premium,Monthly,,,21.92,871,51
1631-DZFDR,18-09-2021,Refferal,18-09-2022,Standard,Annual,,,15.19,610,48
1632-YDZDT,26-06-2022,Organic,26-06-2023,Standard,Monthly,,,13.75,770,53
1633-XULNR,03-04-2020,Organic,03-04-2021,Standard,Monthly,09-05-2020,Too expensive,13.42,681,92
1634-LVDPG,22-03-2022,Organic,22-03-2023,Standard,Monthly,,,13.34,687,72
1635-WYGPX,16-07-2019,Organic,16-07-2020,Basic,Annual,,,10.57,754,50
1636-FUXFX,06-04-2019,Paid,06-04-2020,Standard,Annual,,,14.97,738,14
1637-JJHMZ,11-10-2020,Organic,11-10-2021,Standard,Annual,14-11-2020,Too expensive,11.36,966,51
1638-CZVRZ,10-03-2019,Paid,10-03-2020,Basic,Monthly,,,12.9,821,67
1639-EEKZC,06-05-2023,Organic,06-05-2024,Standard,Annual,,,10.03,516,35
1640-RVLYV,04-10-2019,Organic,04-10-2020,Basic,Annual,,,6.62,370,38
1641-HFMKY,02-01-2019,Organic,02-01-2020,Premium,Annual,,,16.64,588,71
1642-UWLVT,11-08-2019,Organic,11-08-2020,Basic,Annual,,,8.52,507,89
1643-TLURT,28-11-2024,Paid,28-11-2025,Standard,Monthly,,,8.42,875,52
1644-QLYVL,26-11-2023,Organic,26-11-2024,Basic,Annual,,,12.3,900,13
1645-YWFGX,27-04-2019,Organic,27-04-2020,Standard,Monthly,,,12.97,1283,53
1646-VPLNY,18-07-2020,Paid,18-07-2021,Standard,Monthly,24-03-2021,Switched to competitor,10.68,650,64
1647-MCYTE,18-05-2021,Organic,18-05-2022,Standard,Annual,18-08-2021,Switched to competitor,16.38,1070,50
1648-NMQUJ,11-03-2020,Paid,11-03-2021,Basic,Annual,,,7.13,543,51
1649-AWVLV,13-08-2023,Refferal,13-08-2024,Basic,Monthly,17-12-2023,Switched to competitor,9.36,669,41
1650-DCNUQ,27-09-2021,Organic,27-09-2022,Standard,Monthly,,,13.93,778,81
1651-SVZGW,11-05-2019,Organic,11-05-2020,Basic,Monthly,,,5.99,335,79
1652-EFVFG,14-05-2019,Paid,14-05-2020,Basic,Monthly,31-07-2019,Forgot to cancel trial,6.55,646,39
1653-BVKCD,23-12-2020,Refferal,23-12-2021,Basic,Annual,,,5.99,623,99
1654-SXPTW,13-03-2021,Paid,13-03-2022,Premium,Monthly,21-02-2022,Switched to competitor,21.48,1129,63
1655-QACQT,02-12-2020,Organic,02-12-2021,Standard,Annual,27-02-2021,Forgot to cancel trial,15.14,628,62
1656-LDRCJ,07-06-2022,Paid,07-06-2023,Premium,Annual,,,21.19,1194,52
1657-GLDUW,25-07-2020,Paid,25-07-2021,Basic,Annual,,,7.56,599,71
1658-LSGMK,17-09-2020,Organic,17-09-2021,Standard,Monthly,24-02-2021,Switched to competitor,7.52,509,71
1659-VTAPX,17-08-2024,Organic,17-08-2025,Basic,Annual,,,7.95,754,33
1660-AECHU,20-08-2022,Organic,20-08-2023,Basic,Monthly,,,10.07,667,32
1661-JFYAB,18-11-2019,Paid,18-11-2020,Standard,Monthly,05-02-2020,Switched to competitor,11.85,456,27
1662-KZRXX,23-08-2019,Paid,23-08-2020,Basic,Monthly,,,9.89,816,74
1663-ZVXCN,04-12-2019,Paid,04-12-2020,Premium,Monthly,23-03-2020,Too expensive,22.59,1023,76
1664-EFDMR,05-07-2024,Organic,05-07-2025,Standard,Annual,,,14.94,737,66
1665-BKLSD,27-10-2020,Organic,27-10-2021,Premium,Monthly,06-12-2020,Too expensive,23.61,1005,78
1666-NYWCS,06-09-2019,Organic,06-09-2020,Standard,Monthly,,,16.34,636,55
1667-XFPJN,23-04-2020,Paid,23-04-2021,Standard,Monthly,26-02-2021,Switched to competitor,13.63,685,41
1668-DGWAU,16-04-2024,Paid,16-04-2025,Premium,Monthly,,,20.67,785,46
1669-TQTZH,19-11-2023,Paid,19-11-2024,Standard,Monthly,,,9.82,492,63
1670-GQBKA,11-11-2021,Organic,11-11-2022,Basic,Annual,22-06-2022,Forgot to cancel trial,6.19,584,57
1671-VNZJB,07-07-2019,Paid,07-07-2020,Basic,Annual,,,5.99,315,27
1672-UUYWN,24-09-2023,Organic,24-09-2024,Basic,Annual,,,5.99,387,61
1673-MYNKU,17-03-2024,Paid,17-03-2025,Standard,Annual,,,13.41,679,4
1674-LTJTN,06-07-2024,Paid,06-07-2025,Standard,Annual,,,11.26,533,52
1675-FSJSH,04-12-2020,Paid,04-12-2021,Standard,Monthly,24-05-2021,Not enough content,16.98,381,28
1676-GRZGE,13-02-2024,Paid,13-02-2025,Standard,Annual,15-01-2025,Poor streaming quality,14.39,966,92
1677-UPQEQ,03-12-2019,Paid,03-12-2020,Premium,Annual,,,21.45,1255,45
1678-KMNKP,18-02-2022,Refferal,18-02-2023,Basic,Annual,29-09-2022,Not enough content,5.99,566,52
1679-GGZCT,10-02-2019,Refferal,10-02-2020,Standard,Annual,,,16.32,897,99
1680-WQUKE,14-06-2021,Organic,14-06-2022,Basic,Monthly,,,6.87,235,49
1681-NYBJA,05-12-2019,Refferal,05-12-2020,Standard,Annual,,,12.46,720,38
1682-YUGJB,05-11-2023,Refferal,05-11-2024,Standard,Annual,,,14.33,1131,29
1683-HPVZU,20-06-2024,Paid,20-06-2025,Standard,Monthly,,,13.99,742,58
1684-BJPSV,19-12-2023,Paid,19-12-2024,Standard,Annual,,,14.33,520,69
1685-HPQQT,19-06-2020,Paid,19-06-2021,Basic,Monthly,,,6.54,277,46
1686-EEEEU,01-12-2023,Organic,01-12-2024,Premium,Monthly,31-07-2024,Switched to competitor,19.19,1115,51
1687-QHRXR,20-10-2024,Paid,20-10-2025,Standard,Monthly,,,14.57,849,63
1688-PDRCP,27-11-2019,Organic,27-11-2020,Standard,Monthly,,,13.69,721,64
1689-UGEGN,01-04-2022,Organic,01-04-2023,Basic,Annual,,,8.57,217,28
1690-BWUNB,09-11-2023,Organic,09-11-2024,Basic,Annual,,,7.69,595,74
1691-EREPL,15-08-2022,Organic,15-08-2023,Standard,Monthly,,,16.11,986,84
1692-UKDDA,17-07-2019,Refferal,17-07-2020,Standard,Monthly,04-04-2020,Too expensive,14.42,498,41
1693-AWXDC,18-08-2022,Organic,18-08-2023,Standard,Monthly,25-10-2022,Forgot to cancel trial,15.34,642,83
1694-DKNZC,04-09-2022,Paid,04-09-2023,Premium,Annual,,,20,1016,57
1695-BWRXX,26-08-2024,Organic,26-08-2025,Standard,Annual,,,10.81,631,2
1696-NXWES,18-10-2024,Paid,18-10-2025,Standard,Monthly,,,11.3,597,47
1697-KYFKU,21-04-2020,Organic,21-04-2021,Basic,Annual,,,6.99,647,75
1698-UNLCG,02-10-2022,Paid,02-10-2023,Standard,Monthly,16-09-2023,Forgot to cancel trial,14.65,553,73
1699-WYDYW,21-05-2023,Organic,21-05-2024,Basic,Annual,,,10.28,733,40
1700-RGLPL,18-04-2022,Organic,18-04-2023,Premium,Annual,,,18.63,880,18
1701-ZBRZM,07-10-2023,Paid,07-10-2024,Standard,Annual,,,14.82,669,30
1702-SXRWU,06-02-2024,Paid,06-02-2025,Basic,Monthly,,,10.47,870,25
1703-YKQEJ,18-04-2020,Refferal,18-04-2021,Premium,Annual,,,19.01,620,68
1704-SHNJZ,28-04-2023,Paid,28-04-2024,Standard,Monthly,,,15.32,547,46
1705-YCTJA,27-05-2024,Organic,27-05-2025,Basic,Monthly,,,8.08,767,26
1706-VBVXQ,13-04-2021,Organic,13-04-2022,Basic,Monthly,,,6.86,291,44
1707-TJXVM,26-11-2024,Paid,26-11-2025,Basic,Annual,25-06-2025,Too expensive,5.99,906,40
1708-YCQMB,05-03-2022,Refferal,05-03-2023,Premium,Monthly,,,22.72,877,61
1709-WQKUN,09-11-2024,Paid,09-11-2025,Standard,Monthly,,,14.04,634,71
1710-TQEDY,26-03-2019,Paid,26-03-2020,Basic,Annual,,,10.44,609,61
1711-RVZCH,14-11-2024,Organic,14-11-2025,Standard,Monthly,06-09-2025,Forgot to cancel trial,14.95,922,56
1712-QTDZS,28-06-2020,Organic,28-06-2021,Standard,Annual,,,15.29,522,39
1713-NVEPV,02-02-2023,Organic,02-02-2024,Standard,Monthly,16-07-2023,Poor streaming quality,14.21,358,91
1714-MADMN,18-06-2024,Organic,18-06-2025,Standard,Monthly,,,10.76,775,59
1715-QNUSL,22-08-2019,Paid,22-08-2020,Basic,Monthly,06-07-2020,Forgot to cancel trial,8.37,628,58
1716-YHEPP,18-09-2020,Organic,18-09-2021,Basic,Annual,,,11.27,646,5
1717-WNHYG,08-05-2022,Organic,08-05-2023,Premium,Monthly,,,20.76,1085,24
1718-QTELV,20-11-2020,Paid,20-11-2021,Standard,Monthly,28-08-2021,Not enough content,17.65,679,59
1719-YNDAS,09-01-2019,Paid,09-01-2020,Premium,Monthly,,,18.22,760,50
1720-WLSST,09-01-2020,Organic,09-01-2021,Premium,Monthly,27-11-2020,Forgot to cancel trial,20.29,900,91
1721-JWYWP,16-04-2021,Paid,16-04-2022,Basic,Annual,24-08-2021,Switched to competitor,5.99,583,50
1722-BSMQC,25-08-2022,Paid,25-08-2023,Standard,Monthly,,,16.5,409,95
1723-QADJT,07-06-2022,Organic,07-06-2023,Standard,Annual,,,12.21,738,19
1724-CUGCG,13-05-2023,Paid,13-05-2024,Basic,Annual,,,9.02,521,67
1725-TWBTR,04-08-2020,Refferal,04-08-2021,Basic,Monthly,,,7.29,377,53
1726-UDWGB,18-04-2022,Paid,18-04-2023,Standard,Monthly,30-06-2022,Poor streaming quality,18.59,850,22
1727-KDWNY,02-04-2019,Refferal,02-04-2020,Basic,Annual,,,12.44,638,42
1728-RJXHB,27-08-2021,Organic,27-08-2022,Basic,Annual,,,7.2,679,37
1729-UVNAA,02-09-2022,Paid,02-09-2023,Standard,Monthly,,,9.12,303,94
1730-CNKCB,26-04-2021,Organic,26-04-2022,Standard,Monthly,03-01-2022,Too expensive,13.4,747,46
1731-SLSQM,27-05-2022,Refferal,27-05-2023,Standard,Monthly,21-04-2023,Switched to competitor,10.47,986,66
1732-SMAZK,19-08-2019,Refferal,19-08-2020,Standard,Monthly,30-01-2020,Forgot to cancel trial,10.99,423,60
1733-PVPSS,20-05-2019,Paid,20-05-2020,Standard,Monthly,,,14.93,676,59
1734-XUNMF,13-07-2019,Paid,13-07-2020,Premium,Monthly,,,22.06,918,99
1735-FVULF,28-07-2020,Organic,28-07-2021,Premium,Annual,,,22.57,815,24
1736-NECBD,03-02-2020,Paid,03-02-2021,Premium,Annual,,,22.03,1108,91
1737-YNVWZ,24-09-2023,Organic,24-09-2024,Premium,Monthly,,,20.3,646,61
1738-MMCWW,09-10-2024,Organic,09-10-2025,Premium,Annual,,,22.32,654,74
1739-KYSWR,04-07-2023,Refferal,04-07-2024,Standard,Monthly,,,12.96,485,62
1740-XSPHK,13-07-2023,Refferal,13-07-2024,Standard,Annual,26-12-2023,Poor streaming quality,13.84,676,96
1741-DZJUV,18-07-2023,Organic,18-07-2024,Standard,Monthly,,,13.2,1022,41
1742-DZNQB,25-11-2021,Organic,25-11-2022,Premium,Annual,,,20.59,973,39
1743-FMKAE,06-01-2024,Paid,06-01-2025,Standard,Annual,,,17.11,355,37
1744-LRWSG,20-05-2024,Paid,20-05-2025,Standard,Annual,,,16.21,1151,35
1745-WMPCB,09-07-2024,Paid,09-07-2025,Standard,Annual,,,9.66,299,71
1746-KQLYK,24-03-2023,Refferal,24-03-2024,Standard,Monthly,,,15.6,828,56
1747-YXBCM,14-04-2021,Organic,14-04-2022,Premium,Annual,,,20.09,818,69
1748-KAARP,26-05-2024,Paid,26-05-2025,Premium,Annual,21-01-2025,Switched to competitor,22.28,571,99
1749-DVYHW,26-09-2020,Organic,26-09-2021,Standard,Monthly,,,17.55,537,58
1750-KDRUJ,22-12-2019,Organic,22-12-2020,Standard,Annual,22-04-2020,Poor streaming quality,11.06,774,43
1751-SMKUQ,18-05-2023,Refferal,18-05-2024,Premium,Annual,17-03-2024,Switched to competitor,20.71,417,88
1752-ZMMPE,14-12-2020,Paid,14-12-2021,Premium,Annual,,,20.96,772,28
1753-DEGTX,17-05-2021,Paid,17-05-2022,Basic,Monthly,,,9.94,50,43
1754-GVZGA,04-02-2020,Refferal,04-02-2021,Basic,Monthly,,,8.43,571,60
1755-UTMYT,07-01-2020,Organic,07-01-2021,Premium,Monthly,14-03-2020,Poor streaming quality,23.71,1030,37
1756-VGTEK,01-05-2020,Paid,01-05-2021,Basic,Annual,,,10.61,550,4
1757-WLNNB,27-01-2022,Refferal,27-01-2023,Standard,Annual,,,12.88,739,46
1758-LUCRR,13-12-2023,Organic,13-12-2024,Premium,Monthly,,,19.92,912,46
1759-XSBZH,28-02-2019,Paid,28-02-2020,Standard,Annual,,,11.6,684,26
1760-XVRQD,19-03-2022,Refferal,19-03-2023,Basic,Monthly,,,5.99,601,65
1761-FDBCE,17-01-2019,Refferal,17-01-2020,Premium,Annual,,,17.19,1122,38
1762-CPVEK,25-09-2023,Organic,25-09-2024,Basic,Monthly,,,5.99,627,39
1763-EHWQV,11-05-2021,Organic,11-05-2022,Premium,Annual,20-06-2021,Switched to competitor,22.71,830,48
1764-SLCAR,11-09-2022,Refferal,11-09-2023,Basic,Annual,,,11.12,901,81
1765-NAUUL,15-10-2022,Paid,15-10-2023,Premium,Monthly,,,21.18,799,46
1766-CNSRU,23-01-2022,Refferal,23-01-2023,Standard,Monthly,24-08-2022,Poor streaming quality,15.14,1165,65
1767-PVEAZ,04-06-2023,Paid,04-06-2024,Standard,Monthly,,,15.42,784,24
1768-QUCSW,16-10-2020,Organic,16-10-2021,Basic,Annual,,,5.99,593,33
1769-GTGDV,05-03-2023,Refferal,05-03-2024,Premium,Monthly,,,25.38,804,99
1770-BKYXK,11-10-2023,Organic,11-10-2024,Premium,Annual,15-07-2024,Forgot to cancel trial,20.59,1171,66
1771-NDGLC,21-09-2021,Organic,21-09-2022,Standard,Annual,,,13.28,929,89
1772-WXCVC,07-03-2023,Paid,07-03-2024,Basic,Monthly,,,9.09,698,68
1773-UPHHV,20-03-2021,Paid,20-03-2022,Basic,Annual,,,9.84,563,30
1774-VNDMV,22-09-2021,Organic,22-09-2022,Standard,Monthly,,,11.57,717,66
1775-UTLNX,02-07-2023,Paid,02-07-2024,Standard,Monthly,07-12-2023,Not enough content,15,943,97
1776-PZHFY,23-05-2022,Paid,23-05-2023,Basic,Monthly,,,9.46,476,27
1777-EEVQN,03-02-2020,Paid,03-02-2021,Premium,Monthly,05-01-2021,Switched to competitor,22.52,681,84
1778-SLKSE,22-02-2019,Organic,22-02-2020,Basic,Monthly,,,7.83,486,15
1779-BDLVY,11-10-2024,Refferal,11-10-2025,Basic,Monthly,,,9.95,768,63
1780-WMPYS,01-12-2021,Organic,01-12-2022,Basic,Annual,,,8.1,333,42
1781-BHQCF,11-10-2024,Organic,11-10-2025,Basic,Monthly,17-07-2025,Forgot to cancel trial,9.53,800,59
1782-BKLGU,12-12-2023,Organic,12-12-2024,Premium,Monthly,,,19.83,1246,12
1783-JADJA,18-08-2019,Paid,18-08-2020,Basic,Annual,,,6.94,648,25
1784-FFHCA,18-09-2024,Organic,18-09-2025,Premium,Monthly,16-12-2024,Switched to competitor,20.13,945,86
1785-VQAXJ,24-10-2020,Organic,24-10-2021,Standard,Monthly,26-03-2021,Poor streaming quality,15.49,1062,24
1786-VXDJN,03-02-2022,Organic,03-02-2023,Premium,Annual,,,21.56,653,45
1787-SERQR,19-06-2024,Organic,19-06-2025,Basic,Monthly,,,5.99,301,59
1788-PTXPM,16-04-2021,Paid,16-04-2022,Standard,Annual,,,11.01,846,15
1789-YNPXV,25-12-2020,Organic,25-12-2021,Standard,Monthly,23-06-2021,Forgot to cancel trial,12.61,441,91
1790-ZDYBC,19-06-2022,Organic,19-06-2023,Standard,Monthly,25-07-2022,Too expensive,10.23,687,30
1791-TMWDX,09-07-2019,Refferal,09-07-2020,Standard,Monthly,07-06-2020,Too expensive,13.65,916,43
1792-MKQQF,02-10-2022,Paid,02-10-2023,Premium,Monthly,,,22.09,971,90
1793-GWTVB,12-01-2023,Refferal,12-01-2024,Standard,Annual,,,13.2,808,17
1794-YXAFK,21-05-2021,Organic,21-05-2022,Basic,Annual,,,8.56,335,19
1795-TPJHQ,09-03-2021,Organic,09-03-2022,Basic,Monthly,,,8.75,527,48
1796-SGDSW,27-05-2024,Paid,27-05-2025,Standard,Annual,,,12.32,400,45
1797-VXTZG,27-04-2021,Organic,27-04-2022,Basic,Annual,,,9.95,226,65
1798-MAZGW,11-11-2024,Organic,11-11-2025,Premium,Monthly,,,18.95,736,27
1799-KYQNZ,18-01-2021,Organic,18-01-2022,Standard,Monthly,,,13.81,597,22
1800-NVEKD,05-05-2022,Paid,05-05-2023,Basic,Annual,04-09-2022,Poor streaming quality,5.99,424,49
1801-BSGPE,08-07-2023,Organic,08-07-2024,Standard,Monthly,,,12.4,724,60
1802-YDCJP,09-08-2023,Refferal,09-08-2024,Basic,Annual,,,7.39,677,80
1803-ZWYSS,13-07-2023,Organic,13-07-2024,Standard,Monthly,01-01-2024,Switched to competitor,11.13,829,75
1804-RRBAD,10-10-2019,Paid,10-10-2020,Basic,Monthly,,,5.99,706,71
1805-VSMDA,01-12-2020,Paid,01-12-2021,Standard,Monthly,,,11.52,927,37
1806-TZJXR,20-10-2023,Refferal,20-10-2024,Basic,Monthly,,,8.59,704,62
1807-FJDLC,16-10-2022,Paid,16-10-2023,Premium,Monthly,25-02-2023,Poor streaming quality,21.85,842,34
1808-XPPZS,15-06-2020,Organic,15-06-2021,Premium,Monthly,,,23.56,799,56
1809-DYYNR,12-12-2020,Refferal,12-12-2021,Standard,Monthly,,,10.62,879,67
1810-RXFXU,27-02-2021,Organic,27-02-2022,Basic,Monthly,,,7.85,581,75
1811-RHARF,16-12-2023,Organic,16-12-2024,Standard,Monthly,,,15.23,742,32
1812-GBERB,01-05-2022,Paid,01-05-2023,Standard,Annual,,,13.61,840,56
1813-LMVBV,24-03-2019,Organic,24-03-2020,Standard,Monthly,25-08-2019,Poor streaming quality,13.7,799,74
1814-MPLAY,21-08-2020,Organic,21-08-2021,Standard,Annual,12-07-2021,Forgot to cancel trial,10.46,873,88
1815-PJWYY,17-01-2020,Paid,17-01-2021,Standard,Annual,19-04-2020,Too expensive,11.15,392,66
1816-GGRVG,25-11-2023,Paid,25-11-2024,Standard,Monthly,,,14.57,880,65
1817-CVKJS,16-04-2024,Organic,16-04-2025,Basic,Annual,,,6.27,309,26
1818-MBXPJ,12-06-2020,Organic,12-06-2021,Basic,Monthly,,,6.16,342,48
1819-BHGNW,28-05-2021,Paid,28-05-2022,Premium,Annual,05-11-2021,Switched to competitor,22.49,1067,91
1820-UFSWG,02-04-2020,Organic,02-04-2021,Standard,Monthly,,,14.52,918,67
1821-PVRXP,06-12-2019,Organic,06-12-2020,Basic,Monthly,26-09-2020,Not enough content,8.16,556,67
1822-UJMQW,05-02-2022,Organic,05-02-2023,Standard,Monthly,05-09-2022,Switched to competitor,11.27,675,75
1823-HJSMA,11-12-2021,Organic,11-12-2022,Standard,Monthly,,,12.31,811,56
1824-YTAFH,23-08-2024,Paid,23-08-2025,Standard,Monthly,,,13.53,1089,83
1825-VAUZR,03-05-2022,Organic,03-05-2023,Standard,Monthly,12-11-2022,Switched to competitor,12.26,596,24
1826-UJBDP,17-03-2020,Organic,17-03-2021,Premium,Annual,23-06-2020,Not enough content,22.58,1172,48
1827-FXFFG,05-07-2022,Organic,05-07-2023,Premium,Annual,,,18.05,597,69
1828-ERFBX,26-12-2021,Organic,26-12-2022,Basic,Monthly,18-11-2022,Switched to competitor,11.77,371,95
1829-YRDBJ,23-11-2024,Organic,23-11-2025,Standard,Annual,,,12.78,741,67
1830-EGKRF,11-03-2020,Paid,11-03-2021,Standard,Annual,,,13.89,323,51
1831-GGNTY,03-02-2020,Organic,03-02-2021,Premium,Monthly,,,20.96,674,46
1832-SKYQS,19-02-2021,Paid,19-02-2022,Premium,Annual,30-08-2021,Switched to competitor,24.17,1167,28
1833-FLDJG,24-12-2020,Organic,24-12-2021,Basic,Monthly,,,7.38,618,43
1834-XANNN,25-10-2019,Paid,25-10-2020,Premium,Monthly,,,21.74,1207,78
1835-KRFYQ,19-06-2020,Refferal,19-06-2021,Basic,Monthly,,,7.26,232,35
1836-DRPYD,19-12-2024,Organic,19-12-2025,Standard,Monthly,,,12.17,763,99
1837-VTRYB,24-04-2020,Paid,24-04-2021,Basic,Annual,10-10-2020,Forgot to cancel trial,5.99,573,14
1838-SDVCW,28-03-2023,Paid,28-03-2024,Standard,Monthly,,,15.19,889,71
1839-BHHDW,17-06-2020,Organic,17-06-2021,Basic,Annual,,,7.71,650,49
1840-HTQTF,23-05-2019,Paid,23-05-2020,Basic,Monthly,,,5.99,380,47
1841-TYYPW,17-03-2024,Paid,17-03-2025,Standard,Monthly,23-11-2024,Poor streaming quality,14.38,759,99
1842-TSBJE,11-01-2024,Refferal,11-01-2025,Premium,Monthly,,,20.3,1026,83
1843-RPQBK,13-10-2023,Organic,13-10-2024,Standard,Annual,,,14.91,1076,61
1844-NRXZX,07-02-2019,Organic,07-02-2020,Basic,Monthly,,,5.99,352,60
1845-SWTFX,13-08-2022,Paid,13-08-2023,Basic,Monthly,,,9.21,591,31
1846-RYNWV,04-12-2023,Paid,04-12-2024,Standard,Annual,,,13.34,764,73
1847-JMTAT,15-06-2020,Paid,15-06-2021,Basic,Annual,,,5.99,291,46
1848-QSRAL,10-10-2022,Paid,10-10-2023,Basic,Monthly,,,5.99,435,48
1849-QHSGJ,15-07-2019,Paid,15-07-2020,Basic,Annual,,,13.33,334,54
1850-NNZHQ,04-03-2021,Organic,04-03-2022,Premium,Annual,23-11-2021,Switched to competitor,19.75,1207,77
1851-GWJCF,04-12-2021,Refferal,04-12-2022,Standard,Monthly,19-08-2022,Not enough content,10.5,1083,12
1852-QWQRA,19-08-2022,Refferal,19-08-2023,Basic,Annual,,,8.85,703,22
1853-DXVAR,20-03-2021,Paid,20-03-2022,Standard,Monthly,,,8.19,716,59
1854-YVJHA,25-07-2021,Organic,25-07-2022,Basic,Annual,,,10.02,565,18
1855-RRLAM,11-07-2023,Paid,11-07-2024,Basic,Annual,,,5.99,285,50
1856-BDHJC,08-08-2024,Paid,08-08-2025,Premium,Annual,,,20.09,813,34
1857-NPFJH,28-12-2020,Refferal,28-12-2021,Basic,Monthly,,,9.88,564,44
1858-BJBWB,07-11-2021,Organic,07-11-2022,Standard,Monthly,,,10.8,694,49
1859-CUMJH,04-04-2020,Refferal,04-04-2021,Standard,Monthly,14-08-2020,Too expensive,19.76,1349,30
1860-QEYNN,14-09-2021,Organic,14-09-2022,Basic,Annual,19-03-2022,Poor streaming quality,10.18,869,48
1861-YTMVN,16-07-2021,Paid,16-07-2022,Basic,Monthly,,,8.81,579,61
1862-YZFVD,18-01-2019,Organic,18-01-2020,Standard,Monthly,16-06-2019,Not enough content,16.68,520,81
1863-NKNXE,18-03-2022,Paid,18-03-2023,Premium,Monthly,,,18.09,772,60
1864-UDNCQ,18-09-2021,Refferal,18-09-2022,Basic,Annual,,,7.85,444,70
1865-UNXGH,03-02-2023,Organic,03-02-2024,Basic,Monthly,,,7.9,652,51
1866-NUPQZ,19-08-2022,Paid,19-08-2023,Basic,Monthly,,,5.99,504,39
1867-VJRRT,24-12-2019,Paid,24-12-2020,Basic,Monthly,29-05-2020,Forgot to cancel trial,10.63,162,41
1868-MDWJF,11-05-2019,Organic,11-05-2020,Basic,Monthly,,,9.35,338,35
1869-YVNEU,08-06-2020,Organic,08-06-2021,Premium,Monthly,19-12-2020,Poor streaming quality,19.62,539,57
1870-HRCJK,13-04-2021,Paid,13-04-2022,Premium,Annual,,,16.14,1213,77
1871-EADQZ,03-05-2021,Organic,03-05-2022,Premium,Annual,,,22.42,1019,27
1872-ZHXJW,07-08-2020,Organic,07-08-2021,Basic,Monthly,,,7.98,764,63
1873-CRSLN,09-07-2022,Paid,09-07-2023,Standard,Annual,,,12.37,926,52
1874-PENWY,04-08-2020,Organic,04-08-2021,Standard,Annual,,,17.19,1116,64
1875-ZUUWV,16-09-2020,Refferal,16-09-2021,Standard,Annual,12-02-2021,Too expensive,14.17,758,80
1876-LVCTQ,09-06-2020,Refferal,09-06-2021,Premium,Annual,04-10-2020,Too expensive,19.1,1225,86
1877-TJMAU,12-05-2020,Paid,12-05-2021,Premium,Monthly,25-04-2021,Poor streaming quality,20.02,1083,53
1878-YYDGY,06-03-2020,Refferal,06-03-2021,Standard,Annual,,,15.01,665,52
1879-AHNCK,20-01-2019,Organic,20-01-2020,Basic,Annual,,,11.73,764,66
1880-JKPAJ,01-01-2023,Organic,01-01-2024,Premium,Monthly,17-02-2023,Poor streaming quality,23.06,836,38
1881-XRMEA,18-03-2023,Organic,18-03-2024,Premium,Annual,26-08-2023,Not enough content,24.97,705,48
1882-DTYTQ,14-03-2024,Organic,14-03-2025,Standard,Monthly,,,12.56,524,30
1883-MVTAZ,04-03-2019,Organic,04-03-2020,Basic,Annual,,,7.17,535,9
1884-ELXZS,02-07-2022,Organic,02-07-2023,Premium,Monthly,,,22.98,934,41
1885-LRZZC,24-10-2022,Refferal,24-10-2023,Standard,Monthly,,,15.11,850,79
1886-ZRWUZ,19-04-2019,Organic,19-04-2020,Premium,Monthly,23-05-2019,Too expensive,22.87,849,36
1887-UAAPK,04-05-2019,Paid,04-05-2020,Standard,Monthly,,,14.37,344,71
1888-TDFSE,26-09-2019,Refferal,26-09-2020,Standard,Monthly,,,12.02,650,69
1889-PMGFB,03-09-2019,Paid,03-09-2020,Basic,Annual,,,9.01,658,13
1890-UZHZE,15-01-2022,Paid,15-01-2023,Basic,Annual,08-12-2022,Not enough content,5.99,658,57
1891-DBBDX,17-04-2024,Organic,17-04-2025,Standard,Annual,03-12-2024,Too expensive,12.46,546,61
1892-XMSXM,06-02-2021,Paid,06-02-2022,Standard,Annual,24-08-2021,Switched to competitor,12.8,350,27
1893-YRUZJ,09-01-2020,Organic,09-01-2021,Standard,Monthly,,,14.76,770,20
1894-ATTEZ,18-05-2024,Paid,18-05-2025,Standard,Monthly,,,13.41,578,74
1895-UTZGK,20-02-2019,Organic,20-02-2020,Basic,Monthly,,,7.27,644,66
1896-ZHWGJ,05-11-2024,Organic,05-11-2025,Premium,Annual,,,21.69,351,64
1897-LVYYU,26-05-2023,Refferal,26-05-2024,Standard,Monthly,,,15.65,623,70
1898-JAZCN,24-05-2019,Organic,24-05-2020,Standard,Annual,18-08-2019,Too expensive,13.45,513,47
1899-LGTJJ,20-12-2024,Paid,20-12-2025,Standard,Monthly,,,14.72,920,91
1900-VTNGV,06-02-2020,Organic,06-02-2021,Premium,Monthly,,,18.1,855,76
1901-FASBQ,07-01-2019,Organic,07-01-2020,Basic,Annual,,,8.84,941,67
1902-QYBVA,25-08-2023,Paid,25-08-2024,Standard,Monthly,09-04-2024,Too expensive,16.24,1102,64
1903-SQUBN,15-04-2019,Organic,15-04-2020,Basic,Monthly,11-01-2020,Too expensive,8.31,501,50
1904-WNADM,27-08-2023,Paid,27-08-2024,Basic,Annual,,,11.43,949,26
1905-GMCEJ,01-09-2021,Organic,01-09-2022,Standard,Annual,,,15.09,985,15
1906-ARSHV,22-10-2022,Refferal,22-10-2023,Premium,Monthly,20-07-2023,Switched to competitor,16.37,896,76
1907-SBQCP,01-02-2022,Organic,01-02-2023,Standard,Monthly,25-11-2022,Not enough content,12.69,1182,58
1908-BAHCL,24-08-2022,Paid,24-08-2023,Standard,Annual,,,12.88,872,26
1909-FSYWF,16-03-2021,Paid,16-03-2022,Standard,Annual,,,18.31,824,51
1910-PHUWD,11-02-2023,Refferal,11-02-2024,Standard,Monthly,,,16.94,854,38
1911-MFKDU,04-08-2019,Refferal,04-08-2020,Basic,Monthly,06-03-2020,Poor streaming quality,10.7,820,88
1912-MZUMT,27-02-2021,Paid,27-02-2022,Basic,Annual,,,6.05,365,90
1913-NZXEN,05-04-2024,Refferal,05-04-2025,Standard,Monthly,25-10-2024,Too expensive,13.25,1067,63
1914-KLDQF,08-11-2023,Paid,08-11-2024,Basic,Annual,,,9.87,608,54
1915-ANWUM,07-06-2019,Organic,07-06-2020,Standard,Annual,05-03-2020,Forgot to cancel trial,14.09,308,60
1916-TJDWQ,27-12-2022,Organic,27-12-2023,Basic,Annual,,,7.34,242,47
1917-MCBMJ,18-10-2020,Refferal,18-10-2021,Standard,Monthly,,,14.84,1085,51
1918-EWEAE,02-02-2022,Organic,02-02-2023,Standard,Monthly,,,17.45,999,45
1919-XAJAA,06-08-2019,Organic,06-08-2020,Standard,Annual,,,13.83,773,37
1920-YAKYG,23-08-2020,Organic,23-08-2021,Basic,Annual,,,6.32,537,15
1921-VFRHU,28-08-2020,Organic,28-08-2021,Basic,Annual,,,9.37,739,23
1922-RJLAW,18-01-2020,Organic,18-01-2021,Basic,Annual,,,6.6,714,47
1923-DUXUY,07-06-2020,Refferal,07-06-2021,Basic,Monthly,10-08-2020,Switched to competitor,7.92,362,60
1924-RHWBQ,20-04-2024,Organic,20-04-2025,Basic,Annual,23-09-2024,Poor streaming quality,7.56,487,37
1925-DVAPT,13-10-2021,Paid,13-10-2022,Basic,Annual,,,7.6,338,9
1926-ZKBMQ,15-04-2023,Organic,15-04-2024,Basic,Annual,03-12-2023,Poor streaming quality,7.36,384,36
1927-MFKYW,01-12-2020,Organic,01-12-2021,Premium,Monthly,,,20.85,787,73
1928-DTNGW,04-06-2019,Organic,04-06-2020,Basic,Annual,,,6.56,232,14
1929-WNLYM,18-09-2019,Paid,18-09-2020,Basic,Annual,,,6.92,411,36
1930-CEYAU,19-03-2020,Organic,19-03-2021,Standard,Monthly,,,11.14,706,45
1931-BNRUJ,24-01-2020,Organic,24-01-2021,Standard,Monthly,,,15.3,532,43
1932-FUWTB,12-03-2023,Paid,12-03-2024,Standard,Annual,11-09-2023,Poor streaming quality,11.95,388,50
1933-QGEAW,23-10-2019,Refferal,23-10-2020,Standard,Monthly,,,15.25,525,14
1934-GVJWZ,20-04-2024,Organic,20-04-2025,Basic,Annual,25-11-2024,Too expensive,8.65,1054,46
1935-KABZY,14-12-2024,Refferal,14-12-2025,Premium,Monthly,,,21.76,864,38
1936-NYAPF,07-02-2024,Paid,07-02-2025,Premium,Annual,18-01-2025,Not enough content,17.08,551,55
1937-JXGXE,07-12-2022,Organic,07-12-2023,Premium,Annual,,,23,1189,41
1938-VMWCP,06-12-2021,Paid,06-12-2022,Basic,Monthly,21-05-2022,Not enough content,6.59,356,92
1939-FJUVN,13-04-2024,Paid,13-04-2025,Premium,Monthly,07-01-2025,Too expensive,25.02,911,83
1940-SBAYQ,09-12-2022,Paid,09-12-2023,Basic,Annual,,,8.8,94,54
1941-MBSBM,13-01-2022,Paid,13-01-2023,Standard,Monthly,,,13.38,878,78
1942-KXWDX,20-12-2023,Organic,20-12-2024,Standard,Annual,,,10.9,998,46
1943-CUHAL,23-04-2019,Organic,23-04-2020,Basic,Monthly,,,10.73,700,48
1944-RRAKS,09-11-2023,Paid,09-11-2024,Premium,Annual,,,20.18,828,17
1945-FUSVB,24-01-2022,Paid,24-01-2023,Premium,Annual,,,24.43,1241,50
1946-PDCLG,06-04-2022,Organic,06-04-2023,Premium,Annual,13-05-2022,Poor streaming quality,20.33,1015,97
1947-PUNQS,15-02-2022,Paid,15-02-2023,Standard,Annual,,,18.87,811,47
1948-KHATQ,25-06-2021,Organic,25-06-2022,Standard,Annual,,,10.65,441,81
1949-GQDZF,17-08-2022,Paid,17-08-2023,Premium,Monthly,,,21.47,691,39
1950-CXNWU,07-01-2021,Organic,07-01-2022,Premium,Annual,09-12-2021,Too expensive,19.15,727,40
1951-LBARA,27-05-2024,Paid,27-05-2025,Basic,Monthly,05-07-2024,Poor streaming quality,6.78,233,72
1952-PJPRM,26-03-2019,Organic,26-03-2020,Standard,Monthly,02-07-2019,Switched to competitor,14.48,529,84
1953-SXGFV,24-01-2020,Refferal,24-01-2021,Standard,Annual,16-05-2020,Not enough content,12.41,779,42
1954-QYDFJ,21-07-2023,Refferal,21-07-2024,Premium,Monthly,28-02-2024,Not enough content,21.42,794,49
1955-SBJSL,27-05-2024,Organic,27-05-2025,Premium,Monthly,13-04-2025,Poor streaming quality,18.56,1208,77
1956-FAKMU,02-12-2020,Paid,02-12-2021,Premium,Monthly,30-07-2021,Forgot to cancel trial,20.31,823,45
1957-KEJQQ,15-09-2023,Organic,15-09-2024,Standard,Monthly,,,15.17,610,84
1958-FNBYV,01-07-2020,Organic,01-07-2021,Basic,Annual,26-03-2021,Poor streaming quality,9,369,2
1959-TBVTR,16-10-2023,Refferal,16-10-2024,Basic,Annual,,,7.92,258,21
1960-LHSHT,27-06-2020,Paid,27-06-2021,Basic,Monthly,,,6.52,483,59
1961-QGXKX,15-01-2024,Refferal,15-01-2025,Standard,Monthly,,,9.07,417,7
1962-URTZG,22-02-2020,Organic,22-02-2021,Basic,Annual,,,9,348,2
1963-MRBZJ,07-08-2023,Organic,07-08-2024,Basic,Monthly,03-02-2024,Not enough content,6.83,390,81
1964-PAGLL,03-10-2019,Refferal,03-10-2020,Premium,Annual,,,21.83,803,57
1965-CSZDN,12-01-2023,Paid,12-01-2024,Basic,Annual,,,9.68,630,49
1966-GTQSF,27-04-2023,Organic,27-04-2024,Premium,Annual,,,29.63,1535,6
1967-ZFYTD,12-09-2020,Organic,12-09-2021,Premium,Monthly,,,20.36,981,68
1968-ALNDH,11-04-2024,Organic,11-04-2025,Standard,Monthly,05-01-2025,Not enough content,13.06,659,42
1969-EZTQQ,11-02-2019,Paid,11-02-2020,Standard,Monthly,03-10-2019,Too expensive,10.65,444,76
1970-SDAFX,26-12-2024,Refferal,26-12-2025,Basic,Monthly,,,5.99,781,39
1971-BUGTV,08-03-2022,Organic,08-03-2023,Basic,Annual,03-08-2022,Switched to competitor,6.81,299,50
1972-THDMP,02-04-2022,Refferal,02-04-2023,Standard,Monthly,07-07-2022,Forgot to cancel trial,15.66,1284,71
1973-QAFBC,09-10-2019,Paid,09-10-2020,Basic,Annual,,,7.6,516,60
1974-QFCRE,22-05-2022,Refferal,22-05-2023,Basic,Annual,,,10.84,641,25
1975-TZGGH,17-06-2024,Refferal,17-06-2025,Basic,Annual,,,7.56,520,40
1976-WQSDM,10-03-2022,Organic,10-03-2023,Standard,Monthly,,,14.54,836,53
1977-XKDJZ,24-11-2020,Paid,24-11-2021,Standard,Monthly,28-07-2021,Switched to competitor,17.46,900,81
1978-BDGBF,22-02-2020,Refferal,22-02-2021,Premium,Annual,,,19.99,804,33
1979-CYBRN,04-07-2021,Organic,04-07-2022,Standard,Monthly,,,15.92,556,89
